GEOID,TOT_VOTES,REP_VOTES,DEM_VOTES,OTH_VOTES
45079000401,1898,68,1807,23
45079000132,3105,82,2984,39
45079000458,7714,251,7359,104
45079000446,4943,358,4503,82
45079000129,4912,273,4544,95
45071000005,1873,273,1585,15
45071000020,2143,1370,718,55
45071000001,1488,666,791,31
45071000034,626,445,162,19
45071000040,3563,2894,581,88
45071000015,7443,5805,1495,143
45079000448,8511,3210,5159,142
45079000126,5500,1721,3617,162
45079000483,9734,4080,5499,155
45071000002,3906,2389,1406,111
45071000019,2033,1450,563,20
45071000042,4488,2842,1550,96
45071000027,4496,1983,2426,87
45079000484,7865,3424,4281,160
45079000480,5665,501,5085,79
45079000102,2525,427,2048,50
45079000455,7402,2080,5185,137
45079000442,5946,772,5092,82
45079000403,7802,5584,2072,146
45079000441,5219,542,4636,41
45079000478,6122,688,5342,92
45079000413,8777,1833,6827,117
45079000452,7855,203,7579,73
45079000440,5307,1648,3531,128
45079000492,6208,2824,3245,139
45079000109,3158,126,2970,62
45079000449,9683,2569,6932,182
45079000408,10748,4295,6235,218
45079000501,10404,8146,2065,193
45079000400,6422,2619,3637,166
45079000513,5791,634,5051,106
45071000007,2147,253,1860,34
45071000008,4055,2059,1910,86
45079000123,4300,1394,2791,115
45079000457,7287,3681,3435,171
45079000417,4768,1772,2802,194
45079000118,4649,591,3972,86
45079000426,10830,1819,8841,170
45079000464,11256,4085,6950,221
45079000114,7362,2693,4466,203
45079000467,3355,1804,1473,78
45071000039,3061,1960,1040,61
45071000013,2929,1899,969,61
45071000036,3186,1742,1364,80
45071000051,3808,2227,1507,74
45071000028,4692,3220,1379,93
45079000462,6813,2662,4026,125
45079000113,9097,2892,5970,235
45079000494,11713,4349,7104,260
45079000450,10932,1499,9286,147
45079000459,3325,1285,1989,51
45079000406,8474,5248,3059,167
45079000430,6941,3796,3027,118
45079000131,3355,113,3183,59
45079000103,6286,1663,4421,202
45079000405,7467,296,7111,60
45079000415,5359,202,5078,79
45079000427,3231,70,3127,34
45079000507,5191,1597,3501,93
45079000122,5800,260,5457,83
45079000439,8358,2240,5890,228
45079000125,7643,5020,2450,173
45023000001,3805,1421,2306,78
45023000003,4183,2156,1959,68
45023000011,6144,3647,2415,82
45079000497,11653,2131,9337,185
45079000509,11929,1445,10293,191
45027000016,2258,1351,893,14
45027000023,4622,3171,1407,44
45027000019,1753,533,1219,1
45027000006,7036,3770,3192,74
45027000010,8472,5821,2515,136
45027000020,8073,4567,3421,85
45027000021,1461,285,1160,16
45027000013,5184,3125,1987,72
45079000506,4621,2605,1932,84
45079000410,7549,1725,5669,155
45079000460,9373,1346,7851,176
45059000007,3879,2423,1391,65
45079000433,5589,2280,3178,131
45079000503,10492,2090,8186,216
45089000022,1599,561,1018,20
45089000014,10291,5072,5100,119
45035000049,3942,2347,1492,103
45035000092,4221,2867,1239,115
45035000043,4675,3027,1536,112
45035000107,2976,2000,885,91
45035000073,7131,3931,3057,143
45035000063,9217,4734,4244,239
45079000511,4470,1263,3118,89
45079000496,4643,1119,3439,85
45079000104,6167,1589,4351,227
45079000515,9283,2190,6933,160
45079000447,7076,2012,4888,176
45079000106,5989,2279,3542,168
45059000013,5127,2839,2165,123
45059000022,8951,5713,3011,227
45045000337,20761,13563,6674,524
45083000027,5213,4179,893,141
45079000453,19505,9581,9538,386
45015000002,1032,922,83,27
45015000035,5282,3981,1179,122
45015000085,5403,2801,2456,146
45015000088,232,182,46,4
45015000093,3489,1620,1793,76
45015000098,4,0,4,0
45015000029,5745,5002,621,122
45015000096,762,677,66,19
45015000001,3995,1608,2334,53
45015000087,8448,3716,4478,254
45015000058,6281,2697,3442,142
45015000012,8312,5675,2533,104
45059000018,6030,3703,2206,121
45059000029,2365,1878,428,59
45059000015,4178,1516,2568,94
45057000009,5946,2858,2966,122
45057000023,3034,1472,1520,42
45057000013,4272,2660,1529,83
45023000018,4120,2865,1191,64
45059000002,1685,269,1378,38
45059000020,4925,2955,1889,81
45059000010,3620,2403,1167,50
45029000024,2223,1638,542,43
45029000029,4199,2008,2118,73
45029000019,3152,1701,1377,74
45029000015,3090,1321,1721,48
45029000025,4021,1468,2508,45
45029000031,4656,731,3877,48
45029000032,4901,2917,1864,120
45059000014,6580,4874,1596,110
45029000033,1320,717,579,24
45079000402,6387,3820,2368,199
45079000105,3537,1297,2110,130
45089000011,5790,2102,3676,12
45015000027,2229,896,1295,38
45015000034,6617,4934,1558,125
45015000031,6055,3609,2348,98
45015000049,9280,5668,3388,224
45015000007,4483,1028,3410,45
45015000063,9251,6095,2919,237
45015000038,3807,2250,1448,109
45015000045,7549,5263,2166,120
45015000072,5327,2849,2320,158
45015000040,4914,2791,1996,127
45057000010,5712,2434,3158,120
45057000005,3875,649,3158,68
45057000041,4886,3190,1606,90
45057000033,4648,3003,1546,99
45057000035,13497,7994,5163,340
45023000026,3860,1895,1895,70
45023000031,4659,2008,2560,91
45007000045,2843,2054,723,66
45057000026,3853,2497,1258,98
45057000019,2859,2402,394,63
45035000109,4958,2615,2195,148
45057000007,7405,5868,1369,168
45061000004,2732,423,2272,37
45061000008,1978,640,1317,21
45085000116,3510,1928,1524,58
45089000016,6837,553,6210,74
45089000015,2612,113,2462,37
45089000004,1309,661,640,8
45035000048,6688,3085,3420,183
45035000069,7775,4751,2815,209
45035000031,4367,2427,1861,79
45035000027,4150,2097,1999,54
45089000002,3389,1115,2226,48
45089000009,1325,929,376,20
45089000005,3491,1203,2260,28
45089000013,5339,860,4407,72
45035000044,6080,4421,1529,130
45035000029,4086,2043,1941,102
45035000028,3422,1777,1593,52
45035000026,2692,1557,1107,28
45089000008,5060,912,4095,53
45089000029,4161,624,3475,62
45085000153,727,395,298,34
45085000105,5645,2853,2654,138
45085000110,3762,2146,1558,58
45023000004,2668,1533,1100,35
45023000030,3123,582,2505,36
45035000096,1579,858,657,64
45023000013,3147,2137,935,75
45085000128,2251,303,1924,24
45085000127,4497,672,3755,70
45085000130,3287,182,3070,35
45085000131,3333,279,3026,28
45085000108,2481,480,1981,20
45085000126,2900,441,2409,50
45007000066,3111,2443,596,72
45007000071,8560,6308,2080,172
45035000104,4221,1832,2253,136
45035000038,4173,1578,2434,161
45035000095,3305,1505,1757,43
45027000007,2847,1369,1456,22
45027000011,2486,878,1587,21
45085000152,6416,2425,3874,117
45085000155,5256,2764,2423,69
45007000015,2699,2206,449,44
45007000064,9858,8059,1586,213
45077000131,5098,4181,786,131
45077000156,4094,3459,535,100
45007000013,7873,5756,1949,168
45007000053,11133,5567,5249,317
45077000101,4985,2232,2560,193
45035000105,2579,1517,1004,58
45035000087,3015,2030,895,90
45035000079,6232,3540,2535,157
45035000034,3172,1726,1386,60
45015000024,5753,2429,3240,84
45089000032,1036,706,314,16
45089000030,1456,1052,394,10
45089000018,3521,297,3190,34
45035000090,4998,2899,1981,118
45035000108,4728,2672,1915,141
45087000003,3582,2366,1136,80
45087000018,4016,1382,2558,76
45087000011,3953,2537,1353,63
45087000023,1466,1015,417,34
45015000071,4813,2841,1829,143
45015000064,8352,4431,3762,159
45015000082,2696,1382,1201,113
45015000100,1242,676,527,39
45015000068,5478,4140,1219,119
45087000012,2564,1978,516,70
45089000006,2443,1777,635,31
45015000011,4035,2182,1793,60
45015000026,4903,1714,3105,84
45015000030,3702,2353,1302,47
45015000003,4652,2876,1718,58
45015000037,4831,830,3947,54
45007000068,6861,5619,1106,136
45007000070,12092,9583,2248,261
45007000062,10456,7906,2293,257
45007000057,4920,3928,936,56
45007000111,6864,4876,1806,182
45007000039,5545,4370,1102,73
45007000010,1722,1522,186,14
45001000012,4633,3564,997,72
45001000006,2041,1504,513,24
45007000042,5290,4467,722,101
45001000013,4395,3586,754,55
45007000058,3211,2371,789,51
45015000042,5027,820,4150,57
45015000079,5680,1759,3763,158
45015000099,187,85,92,10
45015000057,8827,4032,4503,292
45015000077,8245,5049,2914,282
45015000023,4974,2477,2285,212
45015000067,8284,4740,3256,288
45085000125,4828,971,3791,66
45085000158,3497,2073,1361,63
45019000332,11462,7583,3650,229
45015000086,1109,603,485,21
45015000009,2394,1494,847,53
45015000092,4263,2190,1978,95
45007000069,2329,1692,590,47
45027000022,3997,686,3274,37
45027000014,5070,789,4246,35
45015000041,1667,924,702,41
45051000109,14351,9955,4191,205
45051000219,8388,5827,2456,105
45051000163,3472,2326,1085,61
45051000138,7964,5906,1953,105
45051000140,6871,4433,2332,106
45051000231,3552,2225,1301,26
45051000232,8026,5049,2870,107
45051000154,7703,4883,2706,114
45051000153,6271,3885,2285,101
45051000207,10535,7307,3051,177
45051000168,4743,3540,1121,82
45015000044,5021,2640,2249,132
45015000033,7402,3150,4068,184
45085000156,5546,2635,2824,87
45085000150,5582,4023,1454,105
45085000111,5899,3221,2605,73
45085000124,2923,1569,1273,81
45085000123,3422,308,3086,28
45085000102,2216,336,1857,23
45089000024,2389,317,2051,21
45035000070,5470,3560,1745,165
45007000049,6936,4357,2446,133
45007000024,5807,4316,1371,120
45007000033,9536,7229,2138,169
45015000046,7270,4055,3015,200
45019000132,10112,3791,6087,234
45027000008,2715,2208,475,32
45007000047,2938,2086,802,50
45007000028,5260,4087,1065,108
45007000032,4437,2500,1829,108
45007000029,5526,4313,1115,98
45007000073,3283,2895,354,34
45031000026,6423,3871,2462,90
45041000003,3406,1915,1462,29
45051000222,14400,9379,4797,224
45015000090,2975,1830,1105,40
45015000065,5813,3212,2437,164
45015000091,7244,4361,2699,184
45015000089,7055,4348,2592,115
45015000101,746,437,294,15
45015000048,3930,1817,2058,55
45057000011,4890,3078,1732,80
45057000004,2209,1341,851,17
45023000009,4867,3354,1416,97
45023000015,3361,2276,1030,55
45023000014,1009,683,310,16
45023000021,5664,3254,2289,121
45023000022,5213,3335,1765,113
45035000056,1759,1018,689,52
45035000042,7223,4833,2237,153
45045000306,6134,3723,2265,146
45045000218,6794,4263,2369,162
45031000001,6908,4022,2802,84
45031000041,6649,3760,2768,121
45031000038,9784,5679,3951,154
45031000010,4788,1640,3103,45
45031000040,5787,2947,2744,96
45031000019,3825,1986,1757,82
45031000016,3209,911,2245,53
45031000017,8872,5059,3615,198
45031000013,5305,3526,1638,141
45031000018,5128,116,4967,45
45045000260,5461,3562,1776,123
45045000346,5379,3863,1409,107
45045000286,9356,7870,1293,193
45045000259,13255,6951,6024,280
45015000032,5513,2748,2647,118
45007000000,3555,1526,1929,100
45007000038,1584,1040,497,47
45007000051,2774,2280,438,56
45047000044,5807,4813,918,76
45047000003,4473,2354,1996,123
45047000022,997,622,352,23
45047000025,4106,2060,1982,64
45089000010,1620,1355,247,18
45015000095,5477,4476,858,143
45015000008,5244,4111,1008,125
45015000014,7512,4056,3207,249
45007000041,5721,4578,1020,123
45007000061,3240,2595,595,50
45045000269,7279,5306,1782,191
45077000119,6649,5235,1263,151
45061000014,1047,186,851,10
45061000017,1555,367,1191,-3
45051000137,706,558,144,4
45015000062,10601,6331,4028,242
45015000005,8929,4794,3869,266
45015000066,7212,3405,3586,221
45015000043,5042,2346,2605,91
45015000070,3579,2139,1356,84
45047000007,3474,1227,2177,70
45047000020,2766,2264,425,77
45047000013,2984,2464,444,76
45047000046,3458,2447,952,59
45061000001,2004,1468,488,48
45051000189,4415,1909,2419,87
45051000190,4841,670,4118,53
45051000136,7116,4884,2106,126
45051000117,3852,1178,2583,91
45051000196,4946,2395,2447,104
45051000173,7237,5074,2045,118
45061000019,3487,992,2422,73
45061000002,2532,1691,791,50
45061000009,2039,186,1846,7
45061000012,2898,412,2447,39
45047000049,5291,3769,1413,109
45047000009,3032,2321,654,57
45047000008,3437,2014,1343,80
45051000143,3446,2401,1014,31
45061000016,1989,990,958,41
45075000124,2050,1217,797,36
45075000139,5056,2510,2516,30
45075000140,5034,2055,2895,84
45075000126,2752,1507,1215,30
45045000349,8393,6471,1751,171
45045000303,7688,4270,3241,177
45045000297,10536,6510,3739,287
45047000035,3095,1826,1206,63
45035000077,5205,1264,3830,111
45045000302,9318,5300,3747,271
45045000249,8280,5702,2353,225
45045000282,7875,4626,3012,237
45045000332,7854,4244,3386,224
45047000010,2890,1788,1030,72
45047000005,1839,404,1409,26
45061000021,660,354,302,4
45047000023,666,468,186,12
45047000031,889,573,299,17
45007000083,3704,668,2985,51
45007000018,5165,4118,969,78
45007000054,3418,2548,785,85
45045000295,9930,6126,3540,264
45007000025,7160,4390,2599,171
45007000084,6502,3922,2381,199
45031000012,6053,2180,3810,63
45031000032,4225,2612,1548,65
45031000020,10967,8311,2428,228
45031000002,2772,553,2182,37
45045000284,6258,3026,3024,208
45045000256,11618,6889,4441,288
45045000275,7748,5939,1652,157
45051000113,7137,5295,1748,94
45051000114,8611,6013,2486,112
45051000215,2593,2193,346,54
45051000123,5438,2985,2344,109
45051000218,10595,7693,2800,102
45051000151,11512,6350,4991,171
45051000211,5809,3872,1824,113
45051000174,7479,5219,2122,138
45051000161,11108,7717,3231,160
45051000170,5071,3277,1702,92
45051000193,8722,5586,2988,148
45051000171,4553,2768,1682,103
45051000191,3934,2185,1693,56
45051000177,4437,2951,1395,91
45051000147,5810,3860,1888,62
45047000034,3971,3126,777,68
45047000050,3831,2882,874,75
45047000036,5185,4192,928,65
45035000089,8001,4942,2838,221
45035000045,5132,3229,1794,109
45045000339,6677,2716,3770,191
45045000277,14499,8199,5926,374
45045000214,5600,420,5106,74
45045000281,8951,4792,3988,171
45045000270,8630,4112,4254,264
45051000127,4724,3147,1507,70
45051000214,3271,1060,2167,44
45051000183,4084,2050,1912,122
45051000182,7399,4836,2452,111
45051000112,5392,4662,672,58
45051000133,7592,5034,2427,131
45051000230,6236,4117,2022,97
45013000180,4921,895,3962,64
45013000185,4918,3182,1693,43
45013000208,5729,3481,2179,69
45013000131,6493,3586,2801,106
45013000140,3879,2406,1365,108
45013000113,5612,3249,2212,151
45013000181,5463,1217,4179,67
45013000204,4946,1725,3113,108
45013000151,4149,1836,2218,95
45013000150,4379,2191,2093,95
45013000225,4754,2593,2045,116
45013000316,8120,5549,2437,134
45013000311,5941,3703,2151,87
45013000300,9018,6167,2740,111
45013000313,6139,3901,2173,65
45013000364,5737,3586,2112,39
45013000365,5377,3271,2038,68
45013000135,4873,3288,1490,95
45075000154,3622,1704,1859,59
45075000132,2314,1554,727,33
45017000002,3120,1443,1606,71
45075000120,2597,760,1808,29
45075000118,3346,1266,2049,31
45075000110,3131,992,2118,21
45075000145,5736,3235,2442,59
45031000003,2891,1473,1374,44
45051000217,5372,3745,1492,135
45051000126,4367,2640,1657,70
45051000119,6522,4389,2000,133
45051000202,4931,3292,1523,116
45051000199,5777,3883,1779,115
45051000227,5091,2964,2012,115
45051000201,13735,9524,3933,278
45051000135,12428,8051,4129,248
45051000150,2218,1552,605,61
45051000192,3782,2581,1078,123
45051000213,2578,1293,1235,50
45051000179,8556,6118,2304,134
45051000186,2237,1942,276,19
45051000205,4553,3184,1305,64
45051000210,6789,5067,1620,102
45051000216,11954,7837,3897,220
45051000115,4875,2686,2021,168
45051000124,12705,9279,3293,133
45047000011,4636,2900,1657,79
45013000103,5044,2798,2098,148
45013000115,7532,4862,2534,136
45047000030,4381,1784,2539,58
45047000041,3020,1413,1559,48
45047000040,3193,2104,1057,32
45087000004,3311,2515,695,101
45087000010,4497,2815,1597,85
45017000009,1452,1076,371,5
45017000012,5955,3194,2659,102
45017000005,7499,1727,5651,121
45017000001,3759,2530,1169,60
45087000021,2978,1939,999,40
45087000022,1014,295,700,19
45029000006,5983,3934,1897,152
45059000012,4918,2728,2107,83
45059000017,5987,4310,1581,96
45059000021,6718,5283,1291,144
45059000034,4568,1439,3034,95
45061000015,1552,780,745,27
45051000105,4946,3209,1681,56
45051000166,4914,4438,406,70
45051000181,6252,4177,1968,107
45051000206,9564,6900,2517,147
45051000194,8841,6565,2085,191
45075000147,4803,2059,2710,34
45075000127,5711,2799,2837,75
45075000142,4989,2446,2453,90
45013000200,1899,1204,672,23
45001000014,3289,2346,872,71
45001000007,6883,2805,4019,59
45045000359,14311,7409,6559,343
45057000016,5300,1859,3355,86
45013000179,2136,1045,1011,80
45013000163,5127,2063,2970,94
45013000120,7292,4801,2394,97
45013000303,6135,3930,2092,113
45045000343,9846,4635,5017,194
45045000313,7245,3969,3086,190
45045000352,7120,4913,2078,129
45045000328,8025,4292,3484,249
45045000289,12327,8296,3754,277
45045000205,10382,3696,6354,332
45045000206,1594,275,1273,46
45045000226,6713,2262,4239,212
45045000348,10886,8341,2298,247
45083000139,7334,5572,1564,198
45045000266,5717,2272,3350,95
45045000354,10600,6706,3666,228
45045000353,7359,4151,3047,161
45045000219,7554,1368,6029,157
45045000322,8001,5186,2644,171
45013000141,4724,2958,1626,140
45013000308,7926,4889,2936,101
45013000223,5056,3000,1996,60
45041000051,1496,1388,88,20
45041000063,11354,6926,4238,190
45041000012,5405,3766,1571,68
45041000047,4388,3576,761,51
45041000033,7680,3708,3831,141
45041000057,6779,1325,5348,106
45041000043,8211,4184,3905,122
45057000024,4745,3767,885,93
45057000040,13492,8406,4944,142
45057000002,10371,6257,4002,112
45057000020,5180,3335,1759,86
45029000035,5204,3916,1225,63
45075000134,7298,2803,4386,109
45059000025,4925,3886,952,87
45075000135,6786,1751,4946,89
45075000148,6054,1431,4574,49
45013000111,4191,801,3295,95
45013000318,4444,2591,1773,80
45031000011,5678,476,5126,76
45045000323,11788,7300,4159,329
45045000299,8397,4277,3946,174
45045000279,11916,6817,4855,244
45045000264,8506,6725,1626,155
45057000038,15534,8916,6312,306
45057000036,4500,2921,1532,47
45057000039,9873,6285,3431,157
45013000174,2995,353,2605,37
45013000110,6723,3780,2793,150
45085000141,5960,2924,2927,109
45085000145,6742,3066,3575,101
45075000114,1671,487,1167,17
45075000113,4969,432,4499,38
45075000149,4145,416,3706,23
45075000119,5435,848,4540,47
45075000109,1985,419,1550,16
45075000102,1752,92,1633,27
45075000122,3252,1343,1897,12
45051000129,8595,6170,2320,105
45051000131,13344,8191,4893,260
45057000006,7280,4071,3100,109
45051000104,6635,5350,1181,104
45051000106,12249,7914,4142,193
45083000010,12131,8733,3217,181
45083000065,10386,4949,5273,164
45015000036,7015,5586,1311,118
45083000095,6289,3669,2441,179
45083000112,11607,7443,3916,248
45083000129,8599,5930,2515,154
45087000009,4104,2968,1057,79
45083000028,2990,2288,642,60
45083000118,13569,9053,4205,311
45083000030,7844,5787,1915,142
45083000011,16631,13327,3032,272
45083000003,3215,1461,1674,80
45087000019,3524,1336,2150,38
45087000005,2055,246,1784,25
45087000013,4307,3129,1024,154
45087000014,1278,859,398,21
45083000128,5737,3878,1717,142
45083000007,7832,5062,2645,125
45083000137,10706,6608,3873,225
45083000064,12500,9180,3076,244
45083000050,11572,8539,2843,190
45083000088,2961,110,2816,35
45083000116,8602,5892,2483,227
45083000013,10347,8281,1911,155
45083000054,4742,3823,805,114
45083000113,8796,7113,1514,169
45083000022,3278,2180,1029,69
45083000122,4956,3143,1678,135
45083000097,9440,5117,4092,231
45083000045,11734,7687,3793,254
45013000114,6457,3409,2850,198
45013000202,4819,2295,2479,45
45013000170,4443,1964,2439,40
45013000130,5914,3278,2478,158
45013000304,5395,2571,2674,150
45013000301,6304,3128,3005,171
45013000367,5702,3244,2364,94
45087000020,2244,710,1495,39
45083000062,10416,7337,2893,186
45083000138,9124,6800,2114,210
45083000051,15299,10671,4329,299
45083000136,5844,3145,2555,144
45083000090,3555,1692,1781,82
45083000135,8876,5544,3109,223
45083000108,3600,2063,1480,57
45083000105,6120,3494,2518,108
45083000123,15173,9940,4890,343
45083000114,4536,2892,1548,96
45083000031,4293,2083,2117,93
45083000057,12636,10163,2252,221
45083000056,7095,5785,1155,155
45059000001,2357,736,1587,34
45059000005,5576,3377,2112,87
45059000004,2830,537,2248,45
45001000003,4432,2240,2089,103
45059000027,6478,4253,2143,82
45059000033,3048,2650,314,84
45083000083,7114,2399,4587,128
45083000036,12448,6695,5467,286
45083000019,5997,4483,1385,129
45083000125,6398,3843,2407,148
45059000011,4639,3274,1281,84
45041000008,7908,3505,4250,153
45041000009,7735,5582,2029,124
45083000040,6753,5675,954,124
45083000086,4166,473,3620,73
45083000012,9214,6899,2105,210
45043000105,7257,1340,5865,52
45043000128,2947,750,2171,26
45041000058,4420,195,4186,39
45041000025,5379,99,5240,40
45041000054,14261,6670,7388,203
45041000014,6508,4718,1702,88
45041000037,4217,1879,2307,31
45041000064,5962,3926,1953,83
45041000002,2654,597,2031,26
45041000052,3929,989,2893,47
45013000219,3703,2090,1558,55
45013000220,6903,3735,3006,162
45041000029,7620,4840,2648,132
45041000032,6633,909,5651,73
45041000061,4549,2322,2174,53
45041000048,5652,3123,2472,57
45041000060,5634,1072,4510,52
45041000040,5760,2163,3534,63
45041000038,5388,1222,4084,82
45041000039,4886,2948,1842,96
45091000028,8705,4101,4459,145
45069000008,3779,1441,2267,71
45069000003,3049,1355,1652,42
45051000121,11836,8037,3607,192
45051000220,8346,5530,2717,99
45051000148,4812,4108,626,78
45041000026,2149,63,2059,27
45041000019,2466,1121,1262,83
45041000018,4412,66,4302,44
45041000017,3736,175,3505,56
45091000091,5196,3264,1788,144
45091000090,5792,3201,2481,110
45091000024,7963,4874,2915,174
45091000030,6669,3926,2588,155
45091000096,9356,4073,5067,216
45091000056,4174,1667,2391,116
45091000052,4530,2499,1873,158
45091000029,7456,4300,2974,182
45091000022,6286,4427,1721,138
45091000011,6984,5429,1374,181
45091000041,6988,2995,3854,139
45019000607,4007,330,3619,58
45019000606,4455,205,4173,77
45019000605,5707,438,5207,62
45019000629,2724,878,1791,55
45019000628,2352,417,1883,52
45059000006,4508,3058,1355,95
45019000215,4111,375,3643,93
45019000601,2961,138,2752,71
45035000076,10758,5072,5353,333
45035000102,5086,2350,2551,185
45083000038,5648,4491,1009,148
45021000031,5053,4080,874,99
45083000099,4512,1995,2435,82
45083000131,10421,7532,2682,207
45083000111,8756,6756,1771,229
45001000010,6039,3862,2049,128
45001000008,3978,3109,810,59
45001000001,6122,4098,1927,97
45001000015,3244,2175,1041,28
45059000024,3681,2367,1248,66
45059000009,4779,3276,1378,125
45001000002,5012,1815,3144,53
45051000172,6590,4250,2230,110
45051000125,8009,5689,2217,103
45051000160,6742,4781,1852,109
45041000011,10383,5896,4303,184
45041000055,3419,1915,1449,55
45041000028,8664,5850,2652,162
45019000110,7202,3069,3960,173
45019000507,7409,3826,3338,245
45083000109,4867,2256,2481,130
45083000084,2287,1147,1079,61
45005000004,4018,374,3589,55
45041000004,7927,5166,2678,83
45041000013,3063,2351,662,50
45041000053,2126,1879,213,34
45083000101,4790,1524,3161,105
45083000016,4161,2742,1342,77
45083000100,5853,3679,2048,126
45057000021,13075,6974,5762,339
45041000001,2036,1331,660,45
45057000025,5161,3774,1317,70
45005000005,1475,227,1224,24
45011000015,3327,1956,1333,38
45011000014,2273,1532,704,37
45011000016,0,0,0,0
45011000012,4614,2465,2114,35
45083000134,5085,1317,3673,95
45029000030,3625,1229,2306,90
45009000011,6798,1642,5070,86
45009000001,858,548,285,25
45009000003,3138,1737,1356,45
45009000012,4817,719,4065,33
45009000013,5461,2637,2732,92
45077000150,5099,4322,677,100
45077000153,4091,2186,1759,146
45077000109,4431,3052,1241,138
45073000027,6644,5423,1073,148
45019000317,11072,6593,4189,290
45019000327,11970,7287,4397,286
45019000533,2907,1763,1056,88
45019000532,4983,2822,2011,150
45019000535,7060,4241,2637,182
45019000415,7067,3165,3641,261
45019000409,6359,2944,3205,210
45019000410,6505,3105,3172,228
45019000307,3996,2122,1761,113
45091000051,11152,6170,4673,309
45019000521,3308,1508,1689,111
45019000310,4346,2720,1537,89
45019000311,4918,2733,2066,119
45019000173,6941,3393,3437,111
45019000460,3997,1006,2938,53
45019000463,8558,5742,2695,121
45019000464,6634,1548,4987,99
45019000329,1461,936,492,33
45019000330,10048,6143,3681,224
45019000323,7348,3382,3732,234
45019000208,4115,448,3549,118
45019000536,7033,4086,2742,205
45019000623,7172,2593,4400,179
45019000537,15028,7755,6847,426
45019000414,4360,2484,1764,112
45091000015,12018,7251,4411,356
45091000046,6470,3032,3302,136
45091000001,8413,6949,1265,199
45019000502,4704,1569,2954,181
45019000422,6537,2769,3548,220
45019000420,6529,2630,3692,207
45019000527,15607,6844,8322,441
45019000528,10205,4749,5193,263
45037000009,3707,2694,941,72
45037000010,2029,889,1122,18
45037000008,4137,3765,313,59
45033000006,4784,2752,2001,31
45067000016,5230,3567,1584,79
45067000015,6894,2511,4270,113
45067000014,5839,2240,3513,86
45067000013,5391,1481,3831,79
45067000004,3027,910,2099,18
45091000097,4453,2487,1867,99
45091000095,8784,5121,3451,212
45091000068,8038,4573,3241,224
45091000067,8021,4130,3662,229
45033000009,6906,2329,4463,114
45033000004,9278,4536,4642,100
45033000017,3301,2178,1054,69
45033000005,1420,957,457,6
45033000001,7589,5977,1545,67
45033000002,5919,1305,4517,97
45033000003,5071,972,4030,69
45033000012,3063,1792,1217,54
45077000130,4377,3545,735,97
45077000126,5195,4425,685,85
45077000124,4970,4371,509,90
45077000102,2584,1280,1179,125
45073000019,5187,3080,1960,147
45073000016,8505,6931,1378,196
45041000034,2933,2563,342,28
45041000049,4508,3195,1269,44
45073000024,12892,9780,2820,292
45077000134,3964,3183,686,95
45073000022,5293,4206,962,125
45077000129,5222,4386,728,108
45077000145,4511,3385,1028,98
45073000004,4442,3724,665,53
45073000026,11312,9105,2015,192
45077000112,4805,3930,766,109
45077000115,3809,3404,325,80
45077000108,2932,1418,1366,148
45077000140,4564,3241,1204,119
45005000007,934,482,423,29
45041000056,9003,4692,4122,189
45041000005,10098,5540,4338,220
45041000050,2709,752,1933,24
45041000036,8046,5581,2350,115
45043000107,2292,1856,415,21
45009000002,1431,958,451,22
45077000161,4169,3166,918,85
45077000152,5181,4491,595,95
45045000317,11168,9029,1835,304
45077000118,6200,4914,1164,122
45077000121,5133,4376,643,114
45077000132,4239,3389,764,86
45077000122,5511,4499,895,117
45077000123,4199,3004,1117,78
45091000093,9239,6227,2818,194
45091000065,10408,6009,4208,191
45091000074,5509,3391,2011,107
45091000089,6054,3880,2031,143
45091000048,11674,5098,6197,379
45091000063,6497,4691,1716,90
45043000120,6723,5297,1311,115
45051000139,5664,4515,1081,68
45037000005,5111,2222,2795,94
45069000011,3149,2293,807,49
45069000010,4443,2374,1991,78
45069000006,1725,785,908,32
45069000015,8548,3699,4710,139
45073000031,5379,3765,1514,100
45073000003,10474,6402,3845,227
45073000017,10331,7188,3017,126
45073000006,1659,1490,141,28
45073000030,7816,4913,2707,196
45073000015,4711,3716,913,82
45077000117,5306,4560,642,104
45077000138,6764,5006,1589,169
45011000002,5465,3420,1961,84
45009000004,6842,1261,5524,57
45043000102,4296,1900,2346,50
45043000114,6152,3681,2355,116
45043000134,3512,2472,1007,33
45043000124,8205,5582,2503,120
45043000125,10443,7530,2732,181
45043000123,12555,6799,5526,230
45077000105,3694,1514,2015,165
45073000007,7944,6339,1481,124
45073000010,2740,2365,301,74
45073000021,5868,4813,955,100
45073000009,4327,3310,954,63
45073000020,6567,5041,1369,157
45077000116,6121,4832,1175,114
45005000002,3288,63,3171,54
45005000003,2036,668,1330,38
45077000151,4136,3494,565,77
45045000325,8484,5759,2529,196
45077000111,5302,3793,1371,138
45073000018,9750,7667,1926,157
45073000008,1827,1189,588,50
45065000015,2536,1203,1290,43
45043000110,3810,2780,1000,30
45043000129,3842,2427,1346,69
45043000132,4531,769,3729,33
45083000041,4249,1886,2260,103
45083000141,4056,1970,1971,115
45083000014,8537,4699,3642,196
45083000026,6748,5154,1473,121
45083000075,3687,601,3015,71
45073000023,2510,1330,1112,68
45077000136,3555,1659,1817,79
45077000157,3428,2664,682,82
45073000025,9196,6941,1992,263
45019000107,6735,2054,4534,147
45019000104,9617,4079,5282,256
45019000103,9275,3999,5017,259
45019000442,17770,9124,8138,508
45019000443,14711,7773,6554,384
45019000309,4366,2518,1719,129
45019000301,7037,3806,3077,154
45019000211,4988,1583,3219,186
45019000529,12403,5964,6056,383
45019000339,13590,8667,4705,218
45019000032,8298,4222,3859,217
45019000004,5676,2593,3031,52
45019000008,3854,1803,2002,49
45019000100,7365,2312,4938,115
45009000009,610,530,76,4
45081000001,2024,1527,449,48
45003000025,5363,3099,2135,129
45003000010,4197,1333,2747,117
45003000067,5476,4021,1329,126
45063000069,5058,4064,850,144
45063000022,4956,4051,762,143
45063000081,6139,4833,1110,196
45055000119,7188,4562,2461,165
45069000009,5896,1771,4070,55
45069000002,1297,660,612,25
45021000013,3955,825,3067,63
45081000006,2512,1294,1197,21
45081000008,5345,4518,731,96
45081000014,3263,2632,573,58
45021000025,5123,3560,1480,83
45021000017,4549,3146,1328,75
45021000023,5814,4656,1069,89
45021000003,5011,4257,597,157
45021000021,2541,1269,1239,33
45003000016,3962,2449,1426,87
45063000044,3334,1491,1735,108
45063000035,5676,2443,2986,247
45063000041,7014,3564,3224,226
45063000055,5231,3070,1988,173
45063000047,6150,3462,2497,191
45063000037,3227,1800,1315,112
45063000057,8135,4717,3201,217
45003000060,5396,3954,1320,122
45003000075,7051,4641,2257,153
45003000039,7710,4291,3238,181
45003000042,3144,1606,1493,45
45003000000,0,0,0,0
45003000071,7674,5351,2189,134
45063000077,4583,3094,1398,91
45063000087,7101,4348,2536,217
45021000019,4852,4082,689,81
45063000060,8584,4983,3396,205
45003000041,6607,4732,1730,145
45003000051,8770,5808,2811,151
45003000005,4324,1712,2527,85
45003000072,3814,2139,1556,119
45003000057,4436,2903,1414,119
45003000032,2834,1246,1527,61
45063000001,7494,3440,3911,143
45063000049,6398,2538,3652,208
45063000009,6431,2810,3400,221
45063000054,8975,4847,3912,216
45063000036,6272,2253,3842,177
45063000031,9315,5637,3452,226
45063000007,8303,6766,1313,224
45063000040,7490,4180,3128,182
45003000038,6809,4046,2612,151
45063000010,9255,7570,1466,219
45063000066,5610,3520,1888,202
45063000079,5390,3400,1844,146
45063000075,5709,3811,1729,169
45063000043,5248,3638,1457,153
45063000051,6330,2691,3475,164
45063000052,5451,2097,3196,158
45003000002,4016,919,3006,91
45003000047,4385,2607,1654,124
45003000001,5049,3296,1619,134
45065000009,3523,1025,2447,51
45069000014,3128,263,2769,96
45091000044,9360,1150,8090,120
45091000027,10467,7146,3133,188
45069000007,5340,2663,2551,126
45003000079,3239,1931,1247,61
45003000049,4882,3663,1117,102
45003000017,6189,4799,1314,76
45003000061,6942,3041,3775,126
45063000025,3881,2518,1269,94
45063000008,7608,6116,1259,233
45063000026,4937,3850,951,136
45063000090,4832,3418,1311,103
45003000037,6757,4059,2570,128
45003000064,6479,4745,1657,77
45003000020,7175,4669,2343,163
45063000050,9413,5105,4064,244
45063000038,10894,2588,8144,162
45063000019,14224,9913,3899,412
45039000007,2630,457,2145,28
45039000011,3353,1619,1688,46
45039000006,318,181,130,7
45039000020,1159,322,811,26
45039000019,4322,1858,2379,85
45055000102,3428,2200,1150,78
45055000143,8165,6116,1910,139
45055000154,6533,4066,2343,124
45091000086,4892,1905,2841,146
45039000004,1365,402,940,23
45065000010,3596,1525,2022,49
45065000002,2310,1666,617,27
45065000003,7523,5682,1784,57
45019000218,5382,575,4683,124
45069000012,5271,1572,3577,122
45019000617,2339,248,2060,31
45019000612,3984,1637,2185,162
45081000018,4333,2495,1730,108
45081000017,4411,1522,2796,93
45081000003,1747,1481,218,48
45081000005,2891,1072,1800,19
45003000007,3044,1578,1392,74
45021000010,5831,4397,1320,114
45021000014,3714,596,3076,42
45021000002,5464,2484,2888,92
45021000027,3803,1857,1915,31
45019000602,1455,86,1344,25
45019000603,5147,2921,2096,130
45063000011,5512,4191,1186,135
45063000082,5465,3292,2022,151
45003000031,3473,2318,1067,88
45021000011,5650,4632,923,95
45077000159,5741,4528,1136,77
45019000609,5654,1813,3654,187
45019000611,3770,1676,1974,120
45015000052,5976,3955,1838,183
45019000523,3516,1361,2027,128
45019000337,14434,7202,6908,324
45019000338,6680,4277,2276,127
45019000336,7287,3781,3262,244
45019000400,8552,3633,4663,256
45019000412,5428,3065,2213,150
45063000020,5235,3945,1170,120
45003000070,5220,3245,1794,181
45055000107,5604,2349,3156,99
45055000121,1946,1139,749,58
45055000146,3087,466,2588,33
45039000002,2012,295,1701,16
45055000117,6118,3180,2828,110
45019000221,2770,304,2413,53
45039000003,1328,906,390,32
45039000014,8577,2889,5576,112
45039000015,3964,1743,2143,78
45073000011,6993,5170,1711,112
45073000028,7593,5891,1537,165
45077000104,3262,1223,1916,123
45063000073,7858,5341,2298,219
45063000070,11178,7888,3004,286
45037000004,5224,1884,3253,87
45063000015,10100,8024,1871,205
45003000081,3944,2530,1321,93
45019000419,6666,2803,3647,216
45019000516,4386,2245,1985,156
45019000517,6910,3823,2862,225
45021000024,4963,4205,666,92
45021000018,8875,7008,1751,116
45021000020,4711,3957,627,127
45037000001,3755,2314,1375,66
45063000071,12110,7742,3999,369
45063000033,11241,7398,3537,306
45019000407,5414,2063,3231,120
45049000006,719,84,630,5
45049000018,3149,1330,1775,44
45049000003,5317,2700,2556,61
45019000217,4450,831,3467,152
45019000404,3244,2053,1096,95
45019000624,8321,1848,6280,193
45019000618,5499,1171,4219,109
45019000625,2391,332,2014,45
45005000008,3143,943,2162,38
45077000120,6415,5409,836,170
45077000128,4860,4037,741,82
45073000002,3839,3226,563,50
45055000103,5200,2943,2109,148
45019000318,5592,3476,1940,176
45019000520,8503,3200,5031,272
45019000519,1213,146,1040,27
45053000101,2076,564,1497,15
45077000106,7617,4063,3354,200
45077000163,4289,3165,1029,95
45005000006,1575,1058,497,20
45067000010,984,228,748,8
45003000021,4555,2437,2004,114
45003000014,5734,4120,1495,119
45037000006,4546,2304,2156,86
45063000004,9610,7157,2209,244
45063000089,12706,8832,3546,328
45063000034,7034,4176,2683,175
45063000039,6685,5128,1414,143
45063000002,5255,4099,1035,121
45049000007,7612,1598,5921,93
45049000004,7130,2463,4587,80
45053000102,2568,1111,1427,30
45053000108,6964,2346,4523,95
45053000103,4591,2732,1807,52
45049000005,1545,652,883,10
45081000015,2423,1934,447,42
45081000002,1114,961,131,22
45003000068,9429,6842,2384,203
45063000012,8988,5476,3370,142
45009000010,1492,816,631,45
45009000008,544,502,36,6
45019000175,4919,1699,3151,69
45019000461,3635,1427,2165,43
45033000018,1254,729,510,15
45019000403,6044,3394,2479,171
45011000009,2237,1287,918,32
45021000033,4253,3570,586,97
45019000604,4013,451,3511,51
45019000411,7443,3815,3391,237
45019000462,5666,2180,3374,112
45003000019,3413,2516,815,82
45063000024,5069,2731,2225,113
45063000013,7758,5744,1786,228
45063000080,5495,3536,1797,162
45003000018,4353,3170,1072,111
45003000015,3958,2935,920,103
45063000032,5794,3871,1762,161
45055000152,6301,4380,1788,133
45003000011,5241,1627,3506,108
45003000077,6315,4407,1762,146
45063000028,12123,8541,3305,277
45053000113,2717,1016,1661,40
45053000112,3696,1650,1958,88
45063000023,3207,2451,677,79
45063000083,5549,4248,1182,119
45039000016,2690,475,2175,40
45055000105,4024,3171,784,69
45055000125,7723,4622,2929,172
45027000017,4217,1447,2683,87
45027000005,2524,445,2039,40
45027000024,4884,1689,3131,64
45079000424,5889,235,5599,55
45071000011,1338,986,346,6
45071000003,3076,1373,1647,56
45071000017,4099,2333,1667,99
45071000031,2419,525,1846,48
45071000010,2343,1504,759,80
45055000130,1447,1203,215,29
45039000017,2605,1135,1378,92
45055000101,4209,2701,1411,97
45055000131,2420,1761,625,34
45055000109,6154,3485,2532,137
45049000013,4330,1392,2867,71
45079000407,10081,4948,4933,200
45079000470,6395,1616,4577,202
45079000112,6347,2098,4046,203
45079000463,5421,1971,3339,111
45079000120,7162,1294,5647,221
45079000423,5156,397,4655,104
45079000101,4349,1284,2921,144
45071000023,6013,4401,1529,83
45003000008,6206,2799,3292,115
45081000013,872,466,400,6
45053000105,3206,2266,881,59
45053000115,11622,7252,4293,77
45079000510,3753,514,3161,78
45079000110,6372,2158,4066,148
45079000124,4643,2704,1810,129
45079000498,6489,3679,2663,147
45081000009,3779,2344,1369,66
45025000013,4454,2808,1563,83
45025000011,6661,4354,2215,92
45079000121,5741,196,5465,80
45007000065,2712,2261,392,59
45007000031,3916,3227,651,38
45007000020,2156,1082,975,99
45007000136,7000,5033,1850,117
45007000121,12330,9044,3050,236
45077000160,2465,1788,620,57
45079000419,5497,3727,1617,153
45079000115,4831,2236,2451,144
45025000023,3711,2143,1504,64
45007000080,3633,540,3006,87
45079000469,4297,1991,2188,118
45079000429,5574,2339,3075,160
45007000011,6404,4545,1701,158
45007000076,5070,3393,1546,131
45007000063,3350,2842,462,46
45007000079,3701,1618,2032,51
45007000016,3033,1987,1004,42
45079000418,7553,592,6863,98
45079000437,7393,2981,4281,131
45079000493,6443,3520,2820,103
45079000516,10389,5885,4273,231
45035000060,4193,2247,1814,132
45035000091,8127,3831,4098,198
45035000025,5298,2740,2502,56
45079000481,7019,1010,5910,99
45079000454,7290,805,6403,82
45035000033,4183,2536,1576,71
45089000017,4203,875,3275,53
45035000037,1812,1303,460,49
45035000098,7116,3944,3038,134
45019000466,7930,4751,3049,130
45035000088,5338,3122,2044,172
45085000133,1848,22,1804,22
45039000010,3066,1520,1522,24
45055000140,5561,2926,2523,112
45039000018,5119,1199,3826,94
45023000023,1831,1271,535,25
45029000002,1344,804,534,6
45035000099,2886,2064,737,85
45035000046,3778,2065,1628,85
45035000047,5047,3481,1434,132
45035000101,2662,1227,1405,30
45015000028,3151,2516,575,60
45045000201,7534,4436,2861,237
45045000240,4877,2996,1734,147
45045000357,6556,5284,1163,109
45017000011,7058,4929,1980,149
45045000341,6354,3864,2346,144
45045000217,7107,4270,2700,137
45057000001,3473,2633,790,50
45051000122,3793,3297,436,60
45051000118,1725,1383,329,13
45051000229,14104,9016,4807,281
45051000141,4776,3072,1617,87
45051000212,7174,2730,4354,90
45051000175,10951,6477,4333,141
45089000033,3181,422,2718,41
45035000074,5149,1673,3376,100
45049000001,2498,1328,1113,57
45017000007,1155,537,591,27
45017000003,4619,2065,2485,69
45017000010,1853,737,1076,40
45075000131,6942,1248,5621,73
45075000137,4072,2484,1504,84
45075000151,4324,1649,2641,34
45045000252,9039,7488,1356,195
45045000331,9973,6155,3498,320
45045000224,13911,6722,6811,378
45045000255,8998,6089,2672,237
45045000310,9868,6038,3573,257
45007000085,3331,851,2421,59
45047000038,3258,2625,574,59
45047000012,3427,1974,1392,61
45047000045,2933,1204,1645,84
45045000298,12186,7083,4766,337
45045000368,9204,5792,3249,163
45045000274,7696,4964,2550,182
45031000036,3428,1068,2327,33
45031000008,5086,1581,3463,42
45007000009,2397,1115,1217,65
45007000023,4018,3570,390,58
45007000164,16863,13063,3441,359
45077000142,5449,4361,980,108
45031000023,7844,6144,1563,137
45031000033,7460,3373,3955,132
45031000027,2957,914,2016,27
45031000004,4795,3486,1226,83
45045000345,5438,1119,4233,86
45045000336,8108,5179,2677,252
45007000077,8733,5356,3143,234
45007000086,3360,1819,1460,81
45007000081,6263,1667,4525,71
45045000312,9448,6415,2801,232
45045000369,8180,6194,1824,162
45075000106,2504,513,1966,25
45045000272,8294,4704,3351,239
45045000294,4990,3393,1471,126
45045000204,8774,2577,5933,264
45045000308,10633,7263,3067,303
45029000026,2842,2163,619,60
45029000040,3727,1616,2011,100
45029000021,3755,2277,1375,103
45007000019,10579,7440,2921,218
45007000157,9408,7013,2258,137
45045000334,9929,7822,1925,182
45085000107,4865,2838,1964,63
45085000140,2427,1372,1002,53
45075000143,4616,1163,3420,33
45075000121,5220,1397,3775,48
45075000144,2406,925,1450,31
45075000141,5320,1752,3504,64
45057000032,11389,6738,4423,228
45045000207,6787,1427,5220,140
45045000234,6090,369,5650,71
45029000008,3755,940,2769,46
45029000012,1616,363,1235,18
45029000010,2700,1767,877,56
45029000034,1558,1261,262,35
45029000036,5288,3665,1532,91
45085000134,2577,38,2509,30
45085000112,5215,2017,3110,88
45085000101,7503,1090,6343,70
45045000241,12125,7909,3940,276
45045000239,6800,4198,2414,188
45045000246,8885,4400,4279,206
45085000144,5685,2842,2722,121
45085000109,1773,279,1483,11
45085000113,5474,3093,2333,48
45007000094,9948,7970,1804,174
45013000362,5842,3586,2207,49
45013000183,5362,2037,3246,79
45075000123,4177,2201,1889,87
45075000116,3125,1184,1905,36
45045000314,8680,4132,4324,224
45007000055,8662,6796,1693,173
45085000114,4533,2040,2440,53
45085000154,4099,1003,3046,50
45045000329,11736,7436,4072,228
45013000161,3788,1766,1929,93
45013000116,1716,668,1000,48
45013000112,6185,2617,3456,112
45045000254,9066,7139,1750,177
45045000262,11338,7185,3920,233
45045000243,6092,2792,3153,147
45045000216,8019,4537,3284,198
45045000208,9823,2626,6933,264
45045000276,7864,4034,3621,209
45045000229,6395,1382,4853,160
45041000015,4342,3063,1233,46
45051000165,9576,6589,2839,148
45051000208,4018,2104,1858,56
45051000233,7081,5331,1668,82
45051000180,6549,4925,1516,108
45045000311,7088,4094,2759,235
45085000142,5547,1108,4359,80
45085000120,3621,2251,1292,78
45085000139,7034,3998,2924,112
45085000151,3967,1108,2813,46
45045000326,10966,7679,3068,219
45045000250,3927,953,2906,68
45013000320,6395,3977,2300,118
45013000314,7267,4522,2585,160
45013000312,4844,3002,1791,51
45013000160,4411,1421,2939,51
45013000187,3911,2454,1353,104
45013000132,6631,4530,1939,162
45051000116,3262,437,2777,48
45013000317,7249,4808,2351,90
45013000207,3773,2312,1394,67
45013000162,3569,986,2539,44
45085000135,3585,195,3341,49
45085000132,7008,4119,2792,97
45085000147,6862,4457,2255,150
45045000257,4607,2480,2007,120
45051000103,557,141,407,9
45045000366,6493,4579,1739,175
45059000003,2698,1203,1424,71
45041000020,3555,1098,2378,79
45045000355,5812,3932,1763,117
45045000223,8744,6187,2414,143
45045000283,10311,6692,3400,219
45015000060,3581,1811,1701,69
45015000059,6132,2938,3047,147
45061000007,1312,763,531,18
45061000005,3088,1332,1702,54
45083000029,10788,7952,2652,184
45083000004,13090,9147,3597,346
45019000515,4246,823,3320,103
45019000525,4497,1413,2921,163
45083000060,4421,3648,690,83
45083000034,5190,4003,1086,101
45083000132,5629,1001,4527,101
45083000106,2876,1135,1699,42
45083000076,9190,4829,4120,241
45083000078,6028,2042,3855,131
45045000315,10393,6029,4137,227
45045000356,10315,6248,3855,212
45045000351,11445,7040,4157,248
45045000362,9523,5317,3937,269
45019000105,6271,2340,3778,153
45019000413,6332,3403,2802,127
45019000201,3721,2375,1267,79
45043000122,12652,8497,3993,162
45057000018,8386,4969,3301,116
45091000059,11394,7436,3686,272
45091000087,9347,6249,2914,184
45057000017,2999,1255,1678,66
45057000008,6027,3724,2198,105
45057000015,6006,4665,1199,142
45083000121,8348,4370,3777,201
45083000140,7434,4815,2465,154
45091000064,10674,6062,4323,289
45091000088,6443,3406,2832,205
45091000035,4882,942,3832,108
45091000012,7084,5377,1531,176
45091000007,5397,3629,1628,140
45091000004,11899,7993,3657,249
45091000009,6622,4773,1657,192
45091000014,6839,5396,1277,166
45091000078,7735,3856,3656,223
45043000101,6021,1732,4194,95
45043000117,14270,10174,3899,197
45057000022,4464,3654,755,55
45091000082,11188,6421,4512,255
45091000018,4400,3244,1069,87
45091000023,11368,5674,5461,233
45091000021,3944,2975,895,74
45091000036,8934,3934,4738,262
45091000034,6053,2712,3133,208
45091000025,7067,4781,2167,119
45091000084,8249,5381,2678,190
45091000058,16976,10364,6247,365
45091000032,7772,678,7022,72
45091000049,9763,6431,3145,187
45091000038,5635,3928,1589,118
45091000008,10477,7518,2749,210
45017000008,3872,2107,1742,23
45017000004,938,537,388,13
45077000113,6002,5166,743,93
45073000012,5725,4691,933,101
45073000032,9892,5229,4446,217
45083000082,7008,2902,3944,162
45083000119,5788,2948,2755,85
45083000120,5322,2155,3009,158
45083000068,4902,694,4142,66
45019000503,5483,1038,4310,135
45019000511,4084,2280,1694,110
45019000206,4458,1666,2664,128
45029000017,4247,2357,1819,71
45091000002,6626,4183,2218,225
45091000010,5275,3752,1395,128
45091000075,5943,948,4910,85
45091000006,1913,1539,336,38
45091000080,5488,2679,2661,148
45019000302,4170,2208,1828,134
45019000303,6727,3250,3301,176
45067000001,5762,1837,3867,58
45067000011,3898,1303,2551,44
45043000109,3474,84,3351,39
45043000111,3492,1935,1507,50
45001000005,4778,3739,970,69
45019000440,6701,4031,2542,128
45043000112,4204,496,3659,49
45043000116,4374,3219,1079,76
45043000133,6331,2854,3399,78
45019000322,6388,3338,2925,125
45019000321,5686,3218,2334,134
45019000213,4612,630,3868,114
45041000022,3132,2038,1039,55
45041000016,4337,125,4173,39
45067000006,5290,2769,2444,77
45067000009,4736,2630,2031,75
45067000005,4543,1266,3208,69
45067000003,5091,1531,3496,64
45043000119,5433,3631,1729,73
45067000008,9532,2320,7128,84
45067000007,5471,2592,2796,83
45019000010,4865,3064,1660,141
45019000304,6517,3384,2975,158
45019000306,7902,4336,3335,231
45019000315,10074,5324,4560,190
45073000029,10819,5738,4787,294
45019000325,3900,2407,1414,79
45019000220,5823,1344,4306,173
45019000608,3507,1157,2218,132
45019000614,2610,769,1757,84
45019000209,3247,768,2397,82
45019000210,2058,412,1574,72
45019000444,7226,3485,3644,97
45019000417,7186,3201,3756,229
45019000102,4399,1394,2854,151
45019000526,5171,2249,2729,193
45063000061,14270,11060,2931,279
45063000029,4204,2112,1953,139
45063000042,8601,5907,2414,280
45003000073,6096,4727,1249,120
45019000531,4503,2299,2058,146
45019000530,6386,2893,3268,225
45019000312,8824,4593,4035,196
45011000004,4841,1884,2905,52
45011000003,6096,3574,2399,123
45011000007,2418,1296,1103,19
45011000011,3462,3019,406,37
45019000212,5503,1207,4141,155
45019000205,3620,1541,1992,87
45069000013,5525,1410,4024,91
45019000626,1525,235,1270,20
45019000627,3400,847,2486,67
45021000006,5073,4071,864,138
45021000026,3525,3117,367,41
45021000015,5091,2389,2618,84
45019000518,6492,1684,4646,162
45065000008,1860,450,1391,19
45025000021,2473,1447,931,95
45025000025,1958,1446,467,45
45025000019,6292,3413,2796,83
45025000018,2744,2284,394,66
45025000005,3982,1727,2214,41
45065000006,4546,1594,2899,53
45039000022,6151,4464,1558,129
45055000123,6905,4100,2654,151
45055000122,9535,5961,3309,265
45025000006,3529,1528,1962,39
45025000017,1473,1082,362,29
45025000016,2681,2213,401,67
45025000015,5987,3640,2272,75
45025000020,5436,3110,2263,63
45033000019,2500,1918,554,28
45025000007,5004,2887,2044,73
45063000053,7456,5169,2076,211
45063000014,8270,5829,2202,239
45019000180,8362,5290,2931,141
45069000005,4408,2210,2156,42
45021000022,1607,1412,177,18
45021000012,2245,644,1568,33
45021000004,4678,4045,588,45
45053000109,2240,1151,1034,55
45053000117,3136,1624,1438,74
45013000121,6478,4151,2198,129
45053000114,2902,1805,1036,61
45081000010,1841,1315,496,30
45081000016,3210,1441,1747,22
45081000019,2428,2107,261,60
45037000011,2366,878,1472,16
45037000007,10947,8539,2207,201
45043000103,3903,3388,473,42
45043000113,1985,1236,708,41
45053000107,3190,1036,2116,38
45053000116,1154,628,517,9
45053000106,5468,2781,2605,82
45043000126,11630,8162,3315,153
45063000074,2783,1771,936,76
45063000021,8029,4888,2917,224
45063000096,11413,7740,3339,334
45003000034,7226,5091,2011,124
45003000030,3981,2985,889,107
45003000069,7821,5595,2121,105
45003000013,6698,4468,2046,184
45025000014,6384,3662,2617,105
45025000004,5468,2181,3221,66
45019000465,4211,2094,2036,81
45037000012,12658,9628,2772,258
45037000013,7431,2758,4554,119
45039000012,2424,594,1795,35
45055000147,5532,3823,1570,139
45055000133,6993,4621,2194,178
45063000076,13287,9559,3395,333
45003000044,5379,3183,2026,170
45003000074,2476,1612,807,57
45003000076,8638,5939,2500,199
45003000045,7225,4379,2729,117
45025000003,1334,845,469,20
45025000012,3230,2392,787,51
45049000011,1515,170,1328,17
45003000052,5014,2681,2201,132
45063000030,7274,4742,2316,216
45049000017,2096,1163,902,31
45049000015,309,123,176,10
45079000508,9429,4083,5123,223
45079000436,6667,100,6480,87
45071000030,6140,4786,1235,119
45079000425,8865,3499,5166,200
45079000412,9638,2176,7288,174
45079000431,7068,2809,4031,228
45079000432,6084,2746,3160,178
45079000434,5691,363,5287,41
45079000514,11133,5330,5589,214
45079000482,9303,2325,6805,173
45071000050,3260,2189,991,80
45071000049,3293,2155,1045,93
45079000438,6520,1925,4353,242
45071000018,3264,587,2649,28
45079000435,3492,1191,2232,69
45079000445,6395,757,5549,89
45079000456,10060,3066,6833,161
45079000416,5295,2932,2264,99
45079000488,11374,2461,8682,231
45079000134,4800,1812,2850,138
45079000472,3200,1152,1971,77
45079000130,3658,1127,2416,115
45023000029,5203,1416,3695,92
45027000015,3907,1676,2175,56
45079000404,3109,316,2743,50
45079000444,2016,940,1053,23
45015000039,5538,3241,2156,141
45001000004,3286,2179,1052,55
45029000023,1191,621,557,13
45015000084,6386,3255,2941,190
45015000055,7604,3161,4239,204
45015000004,6125,4721,1294,110
45057000037,13922,8129,5511,282
45023000010,5331,1844,3406,81
45007000027,6864,5008,1740,116
45007000050,7383,5545,1708,130
45061000003,2492,391,2069,32
45089000031,1130,202,916,12
45035000061,3632,1735,1792,105
45035000039,4081,1841,2117,123
45035000062,2016,1334,602,80
45035000078,5741,3739,1838,164
45023000024,2335,1014,1302,19
45085000129,2291,26,2252,13
45089000035,3446,2219,1178,49
45035000040,2394,1511,815,68
45085000121,6675,5072,1449,154
45035000066,8280,4999,3085,196
45089000001,1324,559,747,18
45015000081,5581,2619,2817,145
45087000007,1170,382,765,23
45015000010,4552,2819,1645,88
45015000078,6811,3894,2739,178
45015000074,4795,2160,2487,148
45035000103,3322,1817,1420,85
45007000035,4902,3691,1097,114
45085000119,4402,1810,2500,92
45015000073,5575,3640,1804,131
45051000152,2699,2186,460,53
45061000018,2733,738,1960,35
45015000047,6281,3636,2470,175
45085000103,3686,1454,2151,81
45085000146,4521,2090,2374,57
45035000072,9596,5576,3771,249
45007000078,2457,933,1468,56
45007000072,9480,7750,1530,200
45023000032,3380,885,2448,47
45045000248,9100,5172,3705,223
45045000296,4782,3788,909,85
45015000097,3801,2206,1525,70
45015000083,5688,3395,2120,173
45047000024,2658,2078,528,52
45047000017,4883,3908,886,89
45007000046,9246,6530,2582,134
45045000350,6973,5269,1548,156
45045000365,10102,6303,3491,308
45047000018,3717,2318,1312,87
45061000013,2441,601,1808,32
45061000011,2430,1382,1010,38
45015000022,5045,3420,1468,157
45051000107,6074,4968,1014,92
45047000014,2257,1183,986,88
45045000251,7899,4930,2740,229
45045000242,4757,1041,3641,75
45047000015,5470,4139,1266,65
45007000087,8522,5144,3235,143
45007000092,7915,5855,1902,158
45007000030,6324,5025,1161,138
45045000227,4723,3539,990,194
45045000210,9481,3804,5395,282
45051000149,1444,826,596,22
45051000184,14296,9669,4411,216
45051000224,8728,6051,2546,131
45051000197,12898,8327,4323,248
45013000222,7586,4091,3371,124
45013000101,3423,1000,2316,107
45013000102,4133,2013,2012,108
45013000134,4011,2500,1439,72
45013000307,8923,5455,3284,184
45013000321,1465,965,489,11
45013000201,4960,2383,2452,125
45051000204,8983,6127,2705,151
45051000142,8125,5490,2448,187
45051000159,6536,3249,3185,102
45047000028,4139,2976,1080,83
45047000021,3736,2787,884,65
45047000043,1769,414,1315,40
45013000206,4070,2721,1297,52
45047000039,4030,2939,1018,73
45087000015,2999,2520,425,54
45075000129,2851,589,2232,30
45075000146,4844,248,4539,57
45087000006,3498,2381,1075,42
45059000023,4664,3763,798,103
45051000176,5756,3182,2475,99
45051000120,4788,3709,1021,58
45075000130,5833,3060,2689,84
45075000125,4993,155,4779,59
45013000226,4232,2717,1458,57
45013000309,3955,2796,1086,73
45045000291,7499,4277,2999,223
45045000342,7225,4124,2956,145
45013000216,5335,3243,2022,70
45041000042,1406,852,538,16
45029000022,2444,1518,891,35
45029000013,1941,1373,500,68
45029000027,2367,1649,677,41
45029000020,2629,719,1877,33
45029000009,4259,1450,2759,50
45031000028,6306,2901,3333,72
45075000133,6924,1017,5859,48
45059000008,5579,3496,1994,89
45075000117,6350,2982,3295,73
45013000315,5535,2164,3252,119
45031000021,9351,4455,4775,121
45031000024,5446,2952,2409,85
45045000367,5106,2922,2063,121
45045000307,14183,11091,2767,325
45045000360,12282,9688,2337,257
45013000310,4286,3087,1158,41
45075000101,2427,849,1547,31
45015000013,6986,3765,3034,187
45015000020,9055,6335,2470,250
45087000002,1708,689,992,27
45083000127,5621,4020,1501,100
45083000061,8769,5629,2899,241
45083000096,11286,9658,1436,192
45087000001,2851,2356,433,62
45013000184,5200,1198,3930,72
45059000031,9063,7364,1508,191
45045000258,8035,6454,1378,203
45059000019,3103,2101,943,59
45059000026,6711,4141,2458,112
45083000035,9656,5689,3746,221
45043000104,6025,4496,1458,71
45013000221,5977,4473,1446,58
45091000026,4732,1880,2687,165
45051000234,5569,3842,1640,87
45051000164,5855,4219,1554,82
45051000110,10683,6937,3508,238
45051000132,10489,6778,3503,208
45091000098,7640,5248,2206,186
45091000055,4215,2891,1232,92
45045000244,12143,8046,3844,253
45083000008,14123,8960,4791,372
45083000033,4426,749,3614,63
45011000001,2321,1070,1218,33
45083000073,7109,4200,2717,192
45083000124,4555,3588,870,97
45091000069,5799,3394,2244,161
45091000092,6462,4612,1667,183
45019000202,3997,2393,1531,73
45019000316,3362,2189,1082,91
45019000331,5734,3151,2496,87
45019000508,3009,511,2434,64
45019000509,4463,378,4002,83
45091000060,5900,3514,2199,187
45091000083,3940,2706,1126,108
45091000079,4359,2695,1566,98
45091000047,6129,4726,1284,119
45019000610,4362,825,3437,100
45011000005,3500,1034,2437,29
45091000039,2841,2423,340,78
45091000076,4080,2933,1049,98
45091000031,5278,135,5077,66
45033000007,1886,897,962,27
45077000137,5870,3855,1886,129
45077000139,4210,3084,1033,93
45011000013,5180,1849,3265,66
45041000035,2113,1582,498,33
45041000006,3375,2312,1013,50
45041000024,7455,5442,1883,130
45041000030,1484,316,1158,10
45077000146,5916,4803,964,149
45077000103,4723,2349,2190,184
45083000133,4455,2870,1502,83
45077000158,3617,2554,986,77
45077000144,5363,4012,1236,115
45043000106,909,690,199,20
45019000106,4039,1962,1963,114
45069000004,1470,933,512,25
45077000148,4731,3389,1243,99
45077000110,4069,2348,1603,118
45043000115,2483,527,1940,16
45019000328,5310,3138,2011,161
45019000184,4657,2283,2255,119
45005000001,3358,572,2743,43
45021000028,2776,757,1996,23
45063000084,7275,6101,1025,149
45063000017,4230,2832,1269,129
45003000023,6210,3077,2990,143
45021000030,3886,3359,466,61
45003000056,5069,3122,1811,136
45003000078,3783,2386,1320,77
45003000026,3885,1958,1819,108
45003000062,4596,2130,2393,73
45063000063,9821,7659,1930,232
45055000149,3577,2070,1457,50
45069000001,1803,940,857,6
45091000019,4622,1780,2737,105
45065000004,918,398,503,17
45065000013,958,802,147,9
45003000055,4254,2966,1177,111
45063000064,11000,7789,2921,290
45003000035,5379,3102,2152,125
45003000024,3174,2393,723,58
45055000115,5548,3665,1741,142
45039000009,3806,1253,2489,64
45055000150,6886,3495,3294,97
45055000111,3494,2119,1276,99
45019000622,4860,1214,3540,106
45063000045,2440,447,1947,46
45019000621,4445,1264,3054,127
45003000006,5204,3297,1781,126
45003000080,3455,2476,902,77
45063000003,9381,7378,1771,232
45055000126,5616,3622,1897,97
45063000068,11018,8552,2235,231
45063000088,11108,7437,3362,309
45049000021,1512,134,1376,2
45019000181,10293,6008,4099,186
45019000012,7120,4690,2308,122
45049000010,1616,504,1099,13
45037000002,6400,3133,3156,111
45019000510,4539,1723,2669,147
45077000133,3496,2690,714,92
45003000054,4253,1890,2271,92
45063000018,12952,8812,3762,378
45053000104,7608,2446,5040,122
45003000043,4043,2517,1432,94
45019000174,4896,2142,2668,86
45033000014,982,339,622,21
45033000011,1589,1061,509,19
45003000040,5767,3363,2263,141
45063000059,9983,7128,2632,223
45003000004,2258,315,1909,34
45003000036,2773,1425,1291,57
45003000003,5055,707,4258,90
45079000473,9419,1575,7654,190
45003000053,5342,3805,1450,87
45027000012,3628,1509,2078,41
45055000108,1325,643,642,40
45055000113,1613,842,722,49
45049000009,3214,2119,1041,54
45079000505,7841,5852,1802,187
45079000479,4240,328,3831,81
45079000465,8291,1461,6661,169
45079000490,4163,884,3154,125
45079000471,3858,1629,2115,114
45007000036,9361,6636,2518,207
45079000119,4340,90,4175,75
45035000081,5664,2890,2646,128
45035000086,3635,2169,1362,104
45035000094,4301,2534,1688,79
45035000036,3072,832,2214,26
45035000110,3034,1036,1912,86
45051000101,6965,5133,1706,126
45051000187,3192,2807,354,31
45051000195,5436,3184,2150,102
45089000012,2291,1116,1145,30
45089000003,1904,690,1185,29
45075000128,4177,3033,1080,64
45075000136,7611,1912,5639,60
45045000237,5066,2562,2400,104
45047000026,3505,2000,1457,48
45047000027,2377,459,1883,35
45047000006,2866,1089,1723,54
45045000278,9496,3885,5406,205
45031000005,2971,1956,962,53
45031000025,3299,1154,2131,14
45045000228,3669,1587,1941,141
45075000150,4933,1453,3409,71
45029000018,1007,578,405,24
45075000108,2391,974,1384,33
45045000203,10626,5132,5179,315
45087000016,3127,1275,1812,40
45085000122,4439,2658,1689,92
45045000271,9610,6545,2855,210
45075000152,5484,1965,3454,65
45075000103,3458,151,3263,44
45013000363,6070,3704,2313,53
45013000319,5525,3014,2388,123
45075000112,2305,36,2249,20
45045000324,10255,7271,2769,215
45007000043,3779,2617,1068,94
45085000149,7331,5695,1531,105
45051000225,7573,4922,2559,92
45045000347,7364,5061,2185,118
45085000117,4833,641,4123,69
45051000130,8195,4914,3096,185
45013000361,4805,2888,1856,61
45051000228,6744,4356,2256,132
45051000158,6248,3894,2219,135
45085000136,1798,338,1439,21
45085000148,5148,2148,2897,103
45085000106,4131,1876,2175,80
45045000305,5158,678,4421,59
45051000200,5713,4289,1326,98
45045000330,10992,8598,2128,266
45083000053,6795,5830,849,116
45083000001,4341,3075,1179,87
45019000402,3708,477,3161,70
45057000012,6009,3679,2204,126
45091000077,3095,2034,980,81
45091000085,5166,4010,1044,112
45091000042,9528,5012,4271,245
45091000040,8449,6316,1961,172
45091000033,7455,3009,4276,170
45091000072,6647,3414,3057,176
45091000071,4897,2900,1852,145
45083000044,12740,10629,1816,295
45083000018,8509,3898,4447,164
45019000408,7613,3218,4137,258
45019000620,2882,1323,1494,65
45091000062,6163,4132,1878,153
45019000335,19456,12155,6892,409
45001000011,2855,1843,978,34
45019000333,17483,11707,5486,290
45019000534,8873,5224,3446,203
45019000522,4245,2283,1838,124
45019000401,3732,630,3033,69
45041000041,6400,302,6030,68
45043000118,9017,6153,2748,116
45019000204,3668,1473,2076,119
45067000002,1422,380,1027,15
45043000108,3893,1065,2805,23
45019000011,6592,4048,2347,197
45019000512,4603,2431,1999,173
45019000513,4649,2239,2253,157
45019000630,6890,1629,5131,130
45003000029,5522,3409,1929,184
45003000083,2488,1292,1084,112
45019000445,4611,1915,2579,117
45019000514,5931,2649,3086,196
45019000319,8041,4113,3720,208
45019000324,3354,1831,1413,110
45019000501,2449,870,1506,73
45021000005,3523,2445,1017,61
45025000009,5627,1546,3998,83
45019000619,3951,645,3240,66
45025000024,2500,1675,789,36
45039000001,298,53,246,-1
45025000001,2565,1638,866,61
45033000010,1067,668,385,14
45033000015,2605,880,1689,36
45063000048,8501,4168,4112,221
45021000032,2306,2139,127,40
45081000007,4262,3628,568,66
45063000006,10705,8805,1704,196
45021000016,4022,2414,1530,78
45063000046,2949,1800,1067,82
45003000012,2380,1241,1099,40
45003000082,3954,2470,1378,106
45025000010,4770,2042,2641,87
45011000006,2221,700,1491,30
45025000008,3500,1658,1794,48
45079000443,8607,3583,4858,166
45079000489,2691,80,2555,56
45079000495,3140,1069,2044,27
45079000512,5749,888,4703,158
45079000474,9311,2243,6881,187
45079000117,7385,3676,3526,183
45079000111,5201,1257,3778,166
45079000504,8946,6455,2308,183
45079000502,10920,4240,6480,200
45079000461,4911,1046,3763,102
45027000001,3670,1629,2007,34
45079000422,7817,4508,3114,195
45015000075,6068,3866,2033,169
45007000017,10131,8134,1821,176
45085000115,3509,896,2575,38
45035000082,3904,2948,862,94
45035000030,2657,1614,995,48
45035000055,5470,3684,1617,169
45035000057,3055,1972,997,86
45023000033,3287,2030,1214,43
45007000021,11963,8781,2919,263
45051000111,7501,4704,2661,136
45027000003,766,513,246,7
45031000031,4220,3514,628,78
45035000071,9419,4963,4223,233
45089000026,913,538,370,5
45015000094,3626,2238,1314,74
45047000016,4067,1876,2124,67
45051000157,6562,5073,1395,94
45061000006,3689,715,2938,36
45051000188,2794,229,2542,23
45047000001,2309,358,1902,49
45007000067,6465,4848,1521,96
45045000231,5778,4153,1480,145
45051000226,10369,6845,3362,162
45013000203,5835,2950,2799,86
45013000205,7703,5106,2526,71
45087000008,5345,3185,2072,88
45059000016,2581,1623,924,34
45051000169,2271,1896,352,23
45057000014,6019,3636,2259,124
45013000182,6906,4342,2480,84
45045000321,8503,5159,3058,286
45045000287,14701,9057,5274,370
45045000361,10841,4472,6145,224
45045000327,8013,3598,4270,145
45045000363,9768,6103,3434,231
45013000214,6473,4045,2309,119
45013000213,4328,2685,1566,77
45041000044,5821,3723,2025,73
45041000059,6498,3555,2841,102
45013000302,3959,2446,1425,88
45031000022,2509,1663,777,69
45001000009,2262,1809,406,47
45059000028,2853,2329,455,69
45051000102,2681,2159,471,51
45083000072,5816,3832,1898,86
45083000024,4552,3055,1410,87
45083000098,8171,5004,3009,158
45083000142,8225,5295,2768,162
45083000070,4578,211,4325,42
45087000017,2461,1353,1071,37
45083000115,7648,5070,2358,220
45059000030,4200,3619,506,75
45041000027,3384,1823,1488,73
45041000010,14917,10073,4552,292
45091000020,9441,5735,3483,223
45011000010,3343,757,2558,28
45019000334,6670,4010,2545,115
45041000023,7256,4611,2518,127
45067000017,2751,1607,1102,42
45019000504,6072,3090,2812,170
45019000505,5465,2427,2896,142
45091000061,8876,5294,3336,246
45091000073,7138,4450,2573,115
45091000053,10581,6215,4142,224
45033000020,1728,1309,405,14
45077000114,6092,4921,1011,160
45073000014,3517,2943,510,64
45043000121,2044,191,1839,14
45077000154,4916,4249,569,98
45019000207,4632,1724,2768,140
45019000405,6837,3049,3627,161
45019000406,8176,3850,4109,217
45003000009,5917,2928,2815,174
45003000065,8254,6207,1890,157
45091000050,9824,5762,3806,256
45091000037,3766,297,3414,55
45063000027,6617,4566,1862,189
45003000084,4895,3435,1376,84
45063000093,7395,4855,2331,209
45019000616,3376,701,2607,68
45019000320,5924,3057,2720,147
45019000219,3362,468,2816,78
45019000615,4081,552,3426,103
45019000314,5503,2868,2460,175
45019000313,4424,2282,1990,152
45055000112,2246,767,1448,31
45063000095,10582,5393,4884,305
45055000132,4621,2821,1703,97
45049000002,3700,1718,1911,71
45049000016,1171,942,211,18
45019000216,4720,734,3852,134
45019000214,3670,736,2812,122
45033000013,3443,1349,2056,38
45003000048,4553,2867,1621,65
45003000050,9683,5852,3650,181
45055000134,6546,4592,1785,169
45003000033,2843,1952,820,71
45027000009,1640,1269,352,19
45079000428,5667,3487,2060,120
45079000107,3727,64,3605,58
45015000069,4909,1002,3864,43
45079000486,10686,2029,8493,164
45025000002,1417,1170,220,27
45079000421,10372,6575,3551,246
45007000037,2422,2063,323,36
45079000411,7389,1227,5983,179
45079000451,12466,4873,7348,245
45035000064,3944,1855,1989,100
45035000100,4749,1424,3232,93
45017000006,2154,1154,962,38
45075000115,4454,803,3609,42
45007000091,10062,6811,3025,226
45045000293,8936,6300,2417,219
45045000238,9121,5869,3022,230
45045000221,5920,3019,2661,240
45045000247,10647,8262,2108,277
45057000034,8194,4603,3337,254
45045000364,7332,4301,2834,197
45085000157,4013,3034,924,55
45045000236,3315,1030,2227,58
45051000128,9739,6263,3354,122
45045000285,9699,7346,2130,223
45045000319,7718,4048,3447,223
45045000292,6060,4171,1740,149
45045000316,10423,9110,1117,196
45083000107,6129,1396,4593,140
45045000230,3357,1282,2003,72
45057000003,3439,2791,586,62
45091000066,10676,6268,4154,254
45091000016,8583,5039,3340,204
45091000017,8031,4054,3728,249
45019000441,7140,2769,4217,154
45029000007,1394,455,916,23
45029000005,2196,1181,948,67
45091000013,5421,3692,1627,102
45019000308,3753,2072,1595,86
45025000022,1109,905,185,19
45019000203,4651,2173,2354,124
45039000013,318,198,116,4
45039000021,599,116,481,2
45021000001,3834,3409,351,74
45063000092,6731,4506,2040,185
45055000135,5709,4144,1447,118
45063000091,8065,5081,2816,168
45011000008,2563,2319,209,35
45081000020,1711,816,860,35
45009000005,656,204,437,15
45079000477,6387,3066,3140,181
45079000133,3626,696,2823,107
45079000491,5247,3371,1747,129
45079000414,7410,1864,5449,97
45079000409,12167,4187,7688,292
45079000108,2247,49,2162,36
45089000027,1578,1516,53,9
45035000035,3882,2555,1247,80
45035000093,5015,2814,2061,140
45035000058,2799,1937,760,102
45027000025,1414,656,744,14
45015000021,5023,2890,1975,158
45015000015,6060,3478,2410,172
45015000080,5551,2993,2407,151
45015000076,3341,1853,1413,75
45051000185,2087,1736,300,51
45061000024,787,165,608,14
45085000118,7808,3619,4044,145
45085000143,2421,780,1597,44
45031000007,1240,530,681,29
45035000052,4207,2852,1257,98
45047000033,3034,2059,889,86
45047000042,4347,2904,1351,92
45047000047,3073,1136,1880,57
45015000056,4022,1997,1892,133
45047000048,3311,1906,1311,94
45007000093,3798,2636,1078,84
45035000054,2134,692,1413,29
45051000108,9334,6372,2838,124
45045000300,11193,7731,3218,244
45013000305,3787,1990,1716,81
45013000217,5705,3520,2111,74
45047000029,2220,1624,557,39
45031000037,3634,2323,1257,54
45051000198,5130,4126,915,89
45045000222,9869,6128,3477,264
45045000235,12195,8023,3835,337
45013000133,5329,3336,1924,69
45045000358,6987,4529,2303,155
45029000011,2334,1570,730,34
45075000107,3030,1113,1890,27
45015000016,2573,680,1865,28
45041000007,3517,2615,860,42
45091000043,6862,4081,2591,190
45091000057,9143,6471,2467,205
45083000117,11686,8130,3357,199
45091000005,5825,4563,1112,150
45033000016,790,320,448,22
45077000125,4916,4276,539,101
45091000003,9307,6249,2913,145
45009000007,966,488,462,16
45043000131,3988,731,3232,25
45043000127,2000,1236,744,20
45077000155,4180,3326,754,100
45019000506,5588,3360,2094,134
45003000022,7048,4448,2445,155
45091000070,3588,2559,940,89
45063000058,7062,2744,4123,195
45055000124,5381,3116,2144,121
45063000067,7191,4652,2331,208
45019000185,5912,3057,2697,158
45077000141,4085,2921,1060,104
45039000005,7408,2372,4897,139
45055000127,4848,2399,2315,134
45053000110,2807,310,2452,45
45079000476,5340,3842,1413,85
45071000035,2687,1939,700,48
45079000466,5971,2884,2921,166
45079000116,6242,3610,2509,123
45035000097,2470,1665,726,79
45007000040,6569,4891,1552,126
45075000111,2293,71,2187,35
45047000019,3704,2121,1505,78
45045000220,5546,3351,2087,108
45075000104,3243,63,3141,39
45029000014,3786,2892,771,123
45045000318,8289,3894,4286,109
45041000045,2935,2006,899,30
45041000031,2179,1823,329,27
45083000017,3897,3224,611,62
45091000094,5656,3171,2343,142
45065000001,1242,193,1046,3
45081000012,1037,758,253,26
45003000046,4197,486,3665,46
45071000025,341,94,246,1
45035000068,4318,2337,1876,105
45035000080,2696,1433,1164,99
45089000021,1004,62,939,3
45023000012,1010,457,540,13
45015000051,7005,4430,2389,186
45015000061,7192,4033,3001,158
45023000002,2804,2095,651,58
45035000084,6583,4435,1964,184
45015000050,5906,4151,1634,121
45085000138,5422,3239,2091,92
45027000002,2330,2014,307,9
45045000253,9460,6162,3062,236
45047000004,4347,1995,2283,69
45013000228,4151,2684,1431,36
45045000232,13377,9417,3694,266
45045000288,8412,5567,2586,259
45045000233,6739,4517,2054,168
45013000142,4365,2432,1808,125
45085000137,2582,1203,1314,65
45013000211,4948,2966,1915,67
45041000046,2670,883,1738,49
45051000145,5743,4397,1245,101
45003000027,6743,5516,1083,144
45063000016,8611,6572,1815,224
45065000014,1476,1319,149,8
45063000085,12702,9576,2790,336
45063000005,6422,3913,2324,185
45063000072,5761,4234,1370,157
45019000613,2902,360,2502,40
45007000012,2472,832,1622,18
45035000067,2710,1662,960,88
45075000138,4362,35,4296,31
45013000186,3915,2459,1353,103
45045000344,10704,7093,3381,230
45013000306,4752,2422,2200,130
45051000162,8805,6260,2443,102
45091000081,4862,3426,1319,117
45073000005,8093,5943,1940,210
45067000012,2299,848,1423,28
45019000326,2314,92,2205,17
45019000524,4332,1435,2785,112
45079000468,4745,2009,2604,132
45071000048,2244,1839,350,55
45079000500,4997,1329,3540,128
45015000054,4627,2116,2354,157
45027000004,1919,1158,731,30
45035000050,4461,2129,2209,123
45085000104,4680,2420,2175,85
45007000075,5310,3806,1406,98
45045000280,10596,5375,4922,299
45047000002,3225,177,3003,45
45035000083,4942,3428,1334,180
45047000037,3595,2137,1384,74
45051000223,4709,2976,1666,67
45013000227,2530,1487,1019,24
45045000225,6162,2887,3050,225
45051000221,7655,5244,2293,118
45009000006,387,192,197,-2
45077000127,4738,4108,553,77
45003000028,4954,3629,1211,114
45063000056,5764,4251,1391,122
45077000149,4283,3672,550,61
45063000078,11235,7618,3302,315
45079000487,9558,2146,7248,164
45035000085,4829,2715,1984,130
45053000111,3558,2358,1122,78
45007000074,5063,2998,1971,94
45075000105,1696,103,1564,29
45043000130,2951,1728,1193,30
45079000499,4010,991,2878,141
45061000010,1419,676,738,5
45061000020,795,523,262,10
45013000366,4688,2818,1823,47
45041000062,2571,1971,549,51
45091000054,7517,4369,2898,250
45003000066,4345,2836,1433,76
45039000008,1459,228,1215,16
45049000014,449,411,36,2
45045000309,9389,6301,2842,246
45047000032,1338,970,341,27
45013000209,4601,2634,1897,70
45077000143,5944,4575,1261,108
45003000059,7130,5395,1587,148
45049000019,1018,700,298,20
45079000475,7590,823,6656,111
45077000147,4551,3480,980,91
45077000107,3237,1513,1609,115
45079000420,6030,3056,2800,174
45035000075,7505,4423,2880,202
45045000245,7214,5633,1369,212
45013000212,4477,2761,1657,59
45027000018,1105,260,831,14
45079000485,6712,1020,5579,113
45045000340,6622,4432,2029,161
45007000132,7435,4902,2413,120
45013000360,6111,3834,2211,66
45091000045,4941,2867,1932,142
45003000058,6101,4448,1562,91
45083000126,5640,4568,962,110
45013000210,5047,2983,2000,64
45003000063,3938,2580,1274,84
45019000305,5806,3559,2099,148
45063000062,6618,3558,2866,194
45035000041,5254,3663,1490,101
45035000106,5466,3218,2132,116
45063000065,9295,6324,2685,286
45063000086,8874,5135,3565,174
45063000094,5365,3914,1291,160
45013000224,3257,1893,1327,37
45073000001,1069,720,317,32
45045000304,7462,5206,2146,110
