GEOID,TOT,REP,DEM,OTH
370210001.1,9929,1273,8357,299
370210053.1,14923,9526,5066,331
370210052.1,18383,11582,6264,537
370210068.1,21743,11992,9151,600
370210022.2,12047,2485,9347,215
370210058.1,10254,4656,5335,263
370210059.1,19055,8769,9833,453
37191000004,19741,14148,5184,409
37191000026,9813,4122,5505,186
37191002530,15094,7038,7812,244
3706100CALY,3588,2495,1021,72
37191000028,13671,7689,5727,255
37191000002,15336,10813,4238,285
370210066.1,7815,3244,4353,218
37143BETHEL,12447,8498,3726,223
370210044.1,25686,11496,13527,663
370210048.1,17764,10083,7179,502
370210038.3,16083,9136,6545,402
370210036.1,9572,4301,4941,330
370210060.2,6251,2131,3910,210
37035000019,5032,3110,1784,138
37035000006,11224,7911,3062,251
37035000002,10460,8227,2030,203
370230029-A,4929,3999,804,126
370230029-B,4803,3553,1138,112
3710900NB35,17446,13883,3188,375
37035000030,16556,9684,6357,515
37035000014,7530,3984,3340,206
37035000032,13113,7875,4821,417
37035000001,16041,13123,2592,326
370210002.1,15037,957,13684,396
37035000017,6903,3976,2679,248
37035000026,8915,4900,3769,246
37035000024,19019,13702,4840,477
37023000012,8587,7438,1001,148
37023000013,12517,10083,2149,285
37023000015,6265,4772,1360,133
371350000SM,12716,5875,6565,276
371350000CP,14137,5294,8528,315
37063000044,33664,12057,20824,783
371350000HE,7517,2440,4906,171
37135000ENO,11675,5238,6180,257
37063000045,26776,9140,16993,643
37063000050,19580,3886,15152,542
37153000004,6429,3197,3084,148
370210011.1,6428,659,5564,205
370210045.1,18246,9006,8627,613
370210039.2,7819,3519,4076,224
370210003.1,11234,836,10120,278
370210054.2,16875,7200,9169,506
370890000FL,20638,10984,9076,578
370210018.2,24423,8881,14936,606
37035000016,10927,5958,4591,378
37035000029,20020,14363,5160,497
37035000012,6047,1416,4490,141
37035000023,19799,13571,5730,498
371050000D1,19644,12264,6860,520
371050000C1,18524,11220,6848,456
371050000C2,18421,12597,5421,403
371350000WD,13731,1957,11473,301
37153000009,21443,12111,8876,456
37165005-10,7840,4322,3385,133
371050000E1,11687,7830,3625,232
3708500PR23,24083,15449,8098,536
3708500PR26,17998,12257,5353,388
3708500PR24,29074,20579,7878,617
3710100PR14,11967,9464,2236,267
3708500PR25,15147,7655,7278,214
3708500PR29,21407,12910,8114,383
370210047.1,19418,12015,6823,580
370890000NM,14534,8815,5373,346
37143PARKVI,8197,4905,3179,113
37143NEW-HO,10293,7237,2877,179
3706100WOLF,6548,4900,1535,113
370210025.1,10920,3018,7532,370
370210008.3,12140,2725,9096,319
370210031.1,6612,3037,3480,95
370210034.1,5871,2170,3527,174
3706100MAGN,5561,2370,3113,78
3716300ROWA,7070,4066,2922,82
3716300INGO,5218,2474,2684,60
3706100BEUL,12924,10233,2502,189
37107000PH2,5206,4239,890,77
3706100KENA,12971,6012,6768,191
37135000CS1,8963,2846,5961,156
37153000008,15386,6706,8377,303
37153000005,2068,1288,722,58
37165001-16,11985,2845,8934,206
37155000019,11167,3732,7291,144
3703100NPT2,12865,9933,2539,393
3703100NPT1,15239,10847,3919,473
3703100IBSP,1737,1088,616,33
3703100MHD2,12283,7427,4514,342
3703100ABCH,6961,5148,1682,131
3703100MHD1,11219,7261,3686,272
3708500PR07,51027,27854,21388,1785
3706100WALL,19844,9931,9599,314
3706100ROSE,7250,3569,3566,115
3706100WARS,12873,4523,8187,163
3716300TURK,5076,2456,2537,83
3706100FAIS,5802,3037,2683,82
3716300GIDD,5257,2554,2624,79
3706100GLIS,3018,2359,611,48
37165000004,16048,8917,6879,252
37165000003,12431,6179,6025,227
37017000P80,4704,2722,1908,74
37017000P45,2084,1370,685,29
3701700P202,10717,7525,3005,187
37017000P55,2777,1358,1388,31
3713300BC21,19467,13970,4685,812
3713300ML23,4928,3376,1433,119
37103000P07,5602,2581,2894,127
3713300NR02,6221,1158,4858,205
37143NICANO,984,714,254,16
37035000013,6198,2483,3509,206
371350000NS,11489,1579,9659,251
371350000WW,13182,1719,11164,299
37019000016,24647,15552,8620,475
370190004B2,32526,17536,14185,805
37019000007,15743,8889,6485,369
37019000021,20695,14173,5817,705
37019000017,29148,17846,10804,498
37019000019,23874,15516,7815,543
37019000008,24942,14500,9807,635
37019000020,16439,11569,4428,442
37153000002,21306,12997,7830,479
37153000001,18117,7075,10621,421
37153000013,3416,2011,1348,57
37165002-25,12486,5717,6543,226
371350000KM,10995,1829,8954,212
37035000031,22401,16491,5353,557
37035000008,12219,8292,3651,276
371350000LC,11736,1057,10397,282
37191000013,8803,2827,5800,176
37191000007,19800,12151,7258,391
37191000001,9832,6528,3111,193
37191001920,12083,949,10932,202
37191000029,7643,2323,5176,144
37191000012,14614,5879,8409,326
37057000062,5913,1759,4012,142
37057000066,6901,3870,2859,172
37123000LIT,2477,2033,380,64
37055000KDH,25354,14094,10537,723
370550000EL,365,273,80,12
3705500AVON,3418,1990,1324,104
3705500KTHK,13897,8402,5161,334
3705500SOSH,16476,8917,7219,340
370210023.3,4499,1254,3161,84
370210014.3,6013,1326,4423,264
370210067.1,12246,4336,7647,263
370210012.1,11038,1237,9495,306
370210042.1,9707,4355,5031,321
370210033.3,9473,4130,5039,304
37119000202,41904,20711,19971,1222
37119000206,30849,10368,19816,665
37119000201,33858,9734,23215,909
37119000097,6545,1089,5228,228
37119000114,15046,7234,7422,390
37119000134,33661,15007,17513,1141
37119000087,13391,5204,7690,497
371190223.1,34179,11003,22269,907
37119000011,39964,11895,26853,1216
37119000019,9067,4198,4641,228
37119000227,32902,15110,17052,740
37119000208,24334,14629,9137,568
370970DV1-B,47609,32700,13873,1036
370970DV2-B,24968,15305,8928,735
371190139.1,17735,8322,8983,430
37119000236,24219,14814,8788,617
371350000GB,20931,6139,14232,560
371350000OG,17886,6253,11236,397
371350000HF,14213,2354,11602,257
371350000SJ,14802,2411,12160,231
3700100009S,20515,11931,8123,461
371350000WH,10067,2365,7517,185
3713500000H,6976,1031,5842,103
371350000EF,10340,5074,5045,221
37153000010,3606,1340,2195,71
37165006-89,12585,8070,4316,199
371350000CW,13970,8266,5409,295
37063000025,16710,7971,8319,420
37063000026,7312,4125,3040,147
3707700BERE,7394,4120,3137,137
37069000013,9207,5874,3144,189
37035000041,16313,12154,3809,350
37035000020,14751,10745,3599,407
37035000037,11346,5997,4946,403
37035000003,10637,7844,2488,305
37035000040,6819,3923,2666,230
37035000035,12398,7798,4222,378
37035000025,8593,4951,3379,263
3710100PR09,25700,14742,10355,603
371010PR29B,49982,28371,20405,1206
3710100PR13,13692,9689,3699,304
3710100PR34,28833,13360,14610,863
3710100PR08,9437,7679,1611,147
3710100PR36,13125,9428,3446,251
37083000HPR,3645,1417,2180,48
371170000GN,3338,1393,1890,55
370150000RX,4608,1051,3500,57
370150000WD,3478,401,3046,31
3710100PR20,15849,9814,5665,370
37183009-02,17238,6147,10665,426
3710100PR35,21584,15335,5791,458
3716300PLVW,12024,9655,2138,231
3708500PR31,11341,5063,5983,295
37119000237,18653,3459,14617,577
371190204.1,24632,3581,20522,529
37119000041,10325,1041,9009,275
37119000081,18448,3095,14922,431
37119000133,24954,13175,11088,691
37119000054,12921,1130,11507,284
37119000148,51664,20520,29803,1341
37119000062,8717,1558,6932,227
3707700BTNR,12756,5295,7154,307
3707700CORI,10387,5472,4748,167
3707700SOOX,6317,1388,4835,94
37173ALMOND,5940,3751,1987,202
3707500EAST,10550,8058,2299,193
37113000015,9116,6125,2794,197
3707500STEC,5017,3731,1170,116
37173000BC1,9768,6326,3140,302
37173000BC2,9628,5773,3601,254
37099000SDC,25082,11951,12305,826
37099000QUA,13940,6791,6646,503
370870000IH,18262,10946,6831,485
37113000003,11085,7052,3696,337
37113000007,9114,6396,2523,195
371050000D2,18980,11236,7224,520
371050000A1,19984,8336,11087,561
371050000A2,20567,6633,13506,428
3708500PR01,38442,20687,16572,1183
37051SL78-3,18812,4388,13811,613
3708500PR08,32354,19383,12145,826
3712700P02A,10089,6014,3891,184
3712700P23A,13674,2103,11426,145
3712700P15A,19545,11584,7708,253
3712700P17A,19671,5968,13360,343
3712700P04A,8127,5072,2928,127
3712700P11A,15202,11316,3657,229
3712700P14A,7390,4194,3068,128
3712700P10A,9003,2853,6043,107
3712700P03A,8229,5386,2672,171
371350000CG,7850,3738,3922,190
37153000006,5664,4050,1496,118
37057000056,5990,5039,817,134
3708300ENF1,9179,1336,7785,58
3712700P13A,3783,940,2800,43
370830BUTWD,1746,730,995,21
37185000009,2450,1033,1381,36
370830LIT-2,6597,3098,3410,89
37185000001,5057,2853,2107,97
37131LAKE-G,6181,3368,2723,90
3708300RR-3,5151,3465,1605,81
37083000RRC,8615,5014,3466,135
37049000011,12338,9155,2838,345
37049000007,10959,6471,4285,203
37049000002,36108,21616,13148,1344
3703100STEL,7247,5557,1444,246
37049000003,17542,12088,5113,341
3704900VE14,18809,11434,7044,331
37147000601,22841,16699,5690,452
3712700P08A,33169,16828,15832,509
3707700CRDL,8427,2536,5754,137
3707700WOEL,6810,2392,4298,120
3713300JA01,14945,8599,5560,786
3713300BM08,27293,13168,13184,941
371330NE22A,13685,6481,6623,581
3713300VR15,8215,5953,1904,358
3713300HU20,12983,9370,3023,590
3713300EN03,40045,18839,19600,1606
37035000034,19897,14070,5312,515
3717300WHCH,11085,4521,6008,556
3708500PR20,12524,5464,6837,223
3705100LI65,15255,9753,5143,359
3708500PR28,28674,19629,8321,724
37183012-02,24787,11279,12632,876
3708500PR32,17840,10984,6384,472
371050000E2,16876,8389,8102,385
37119000203,29520,5562,23114,844
37119000216,23065,10224,12188,653
37119000232,24714,11877,12297,540
3710900IS23,12142,8481,3340,321
37161000011,23707,18525,4645,537
3716100006A,11478,6761,4465,252
3714900CG05,7215,5600,1438,177
370210037.1,7106,3830,3058,218
37191000009,11663,8262,3148,253
37191000015,13489,8836,4420,233
37191000010,7047,1697,5278,72
37191000024,12044,9966,1857,221
3710100PR04,5404,3662,1670,72
37057000058,14948,11328,3239,381
37057000008,4864,3401,1328,135
37057000020,12736,10340,2107,289
37057000052,20517,16148,3924,445
37057000016,14593,11643,2592,358
37067000042,15921,7042,8490,389
370210064.1,9272,4642,4299,331
370210024.1,11466,4261,6819,386
370210009.1,17482,4037,12811,634
370210057.1,14344,7128,6882,334
370210055.1,15212,7147,7650,415
37119000224,13447,5050,8051,346
37119000050,8922,2841,5740,341
37119000069,21636,10720,10386,530
37119000023,9246,1476,7508,262
37119000063,9486,2064,7137,285
37119000104,12721,1177,11244,300
37119000229,50063,19497,29286,1280
37119000243,45368,14587,29428,1353
3712700P21A,12344,3199,8979,166
3712700P19A,27158,13010,13754,394
37037000018,11189,6909,4034,246
37125000CAR,23747,15895,7339,513
37037000020,9382,5447,3688,247
371050000B1,9933,6419,3326,188
37037PIT113,35855,13920,21083,852
37183006-10,19107,9753,8768,586
37037MCH110,41377,11327,29209,841
37037NWM117,30063,9406,20081,576
371350000WC,9037,3117,5743,177
37037000085,11952,5913,5802,237
371510000SE,9400,7854,1381,165
37037000030,8552,4704,3644,204
37119000132,8878,2247,6386,245
3716100005A,11463,8513,2709,241
3710900LS12,7469,3944,3323,202
3710900DW28,13733,10077,3372,284
37161000028,6974,4875,1969,130
37161000030,14350,7938,6070,342
37161000013,17033,9412,7264,357
3710900TA37,17597,12250,4930,417
37057000054,8347,7351,829,167
371510000TB,12773,11021,1507,245
37057000074,17613,14095,3101,417
37057000048,11697,9269,2182,246
37057000070,10913,8633,2085,195
37123000CHE,3203,2325,818,60
3712700P20A,12932,5587,7120,225
3712700P24A,14881,9524,5110,247
3714900WO06,7633,5127,2324,182
37161000018,9699,6754,2688,257
3714900CL07,10451,6406,3814,231
3714900SA04,7479,4272,3007,200
370890000RR,4745,2887,1747,111
37057000032,4882,2089,2657,136
37057000004,27663,19853,7231,579
37057000076,14604,11788,2540,276
371510000TR,37623,30086,6751,786
370830RR-10,11566,6494,4907,165
37083WEL1-2,5762,1113,4579,70
370830LIT-1,7338,2707,4567,64
3704900DFB9,3937,2155,1712,70
3704900CFB8,6761,4263,2383,115
37147001001,13064,7315,5476,273
3710700000C,10109,5339,4615,155
37049000017,10511,7568,2615,328
370490000N2,9047,2051,6809,187
37037000015,11373,4001,7118,254
37037000078,26062,9003,16664,395
37037ESC114,17770,7849,9615,306
37037000042,10053,5556,4257,240
37037000006,3805,3145,621,39
37037000045,4917,2808,1972,137
37099000GCK,5008,2803,2067,138
37099000CUL,25335,9848,14289,1198
370210013.1,10771,1276,9139,356
3714700800B,9030,3876,4963,191
3714701512A,24833,9490,14827,516
37119000022,37703,12314,24221,1168
37119000207,26658,13892,12014,752
37119000242,15508,10239,4990,279
37119000043,12458,1392,10720,346
37119000136,12486,6492,5690,304
37119000211,45526,8993,35308,1225
37119000241,37125,16758,19421,946
37017000P65,2865,1892,912,61
37017000P10,3027,1916,1065,46
37119000031,9811,592,8971,248
37119000088,12895,5288,7141,466
37119000230,41538,10893,29612,1033
37119000205,17863,5173,12290,400
37025001-04,26510,12167,13587,756
37119000209,23063,11325,11039,699
3710100PR22,14220,10088,3851,281
37119000145,47789,15321,31241,1227
37119000239,16393,3936,12072,385
37025002-09,33781,13649,19397,735
37119000094,9035,2716,6059,260
37119000141,14387,2810,10935,642
37119000105,18334,3113,14656,565
3714900CL08,12232,7502,4499,231
37035000005,14432,10299,3781,352
3714701513A,15624,7714,7520,390
37119000213,21028,2430,18104,494
37119000093,9426,5084,4100,242
371750000CM,3920,1989,1836,95
371750000BD,11986,7560,4118,308
371750000WC,8014,4326,3499,189
371750000PF,5639,3465,2020,154
37147001501,4370,334,3966,70
371750000B4,7186,2762,4203,221
371750000RE,8526,6511,1788,227
37119000013,16914,3745,12618,551
37119000026,14869,1724,12788,357
37123000UWH,6574,5079,1347,148
37123000PEE,5476,4176,1198,102
37123000STA,7043,5293,1592,158
37125000WEM,9877,8079,1640,158
371230000T1,8785,5215,3401,169
37123000CAN,6048,3185,2724,139
37113000002,5304,3156,2007,141
37113000014,3537,2538,903,96
37113000010,2093,1311,725,57
370210030.3,14560,7293,6873,394
370210071.1,18987,7773,10722,492
37147000301,17295,5545,11450,300
37119000220,16079,9227,6507,345
37119000058,11216,4500,6320,396
37119000099,8812,1167,7342,303
37119000233,21760,11326,9954,480
37119000009,20679,6417,13688,574
37119000140,26974,12577,13735,662
37119000109,13606,3212,9957,437
37155000002,8047,3544,4372,131
3715500032A,18058,9413,8374,271
37155000023,12331,7398,4675,258
37155000022,10366,5150,4981,235
37155000016,3984,239,3686,59
37017000P60,6514,2975,3432,107
3701700P201,6547,4946,1468,133
37047000P15,8970,5008,3865,97
37119000231,21759,8126,13068,565
37017000P25,4723,2217,2420,86
37047000P18,2298,1388,874,36
37017000P40,7140,4835,2184,121
3700300LRSL,9335,7481,1643,211
3700300T2T3,12677,8712,3622,343
37019000006,6902,4371,2327,204
37019000022,13720,8725,4662,333
37019000023,14492,9131,4974,387
37099000SAV,5311,3286,1863,162
37113000012,9308,6039,3048,221
3704300SHCR,5519,4418,996,105
3703100BFT2,16392,9635,6309,448
3703100EMIS,18004,12085,5605,314
3713300SW19,22934,16152,6129,653
3703100BFT1,7098,2988,3949,161
3703100DASW,3120,2462,602,56
3703100BOGU,13698,10545,2807,346
3704700P22A,8660,5733,2788,139
3704700P01A,6865,4016,2723,126
37047000P24,8393,7191,1068,134
3704700P26B,12824,7195,5446,183
3704700P25B,5654,4965,591,98
3704700P16B,7225,4620,2429,176
3704700P02B,4311,1618,2600,93
37047000P09,4369,2148,2139,82
37047000P08,1718,1543,146,29
37023000051,14694,9526,4753,415
37009000009,14957,10130,4479,348
37093000063,12516,3456,8736,324
37093000061,6198,2143,3935,120
37155000039,5803,3288,2426,89
37185000010,7771,1627,6025,119
371070000K6,8155,1027,7014,114
3710700000W,5308,4303,920,85
37103000P06,2527,1933,535,59
37107000PH1,2986,2342,597,47
3703100CISL,803,605,177,21
3703100ATSL,2852,2128,674,50
3712700P16A,9626,3510,5989,127
370870000EF,5588,4057,1378,153
3714500PNTH,17241,7630,9260,351
3708700WS-2,7943,4061,3682,200
37009000020,13486,9112,4013,361
37009000014,10809,7187,3398,224
37009000012,2922,2020,834,68
37009000011,8629,5966,2449,214
37023000014,8787,7226,1365,196
37023000036,8467,5949,2284,234
37023000035,6259,2676,3401,182
37023000065,4758,3611,1031,116
370870000AC,9655,5776,3583,296
37093000062,4030,1682,2248,100
37119000016,13139,401,12532,206
37069000019,27842,15710,11435,697
37069000009,7108,4322,2638,148
37049000020,15014,9491,5222,301
371370001RB,6472,4844,1476,152
3704900TE13,5656,4593,927,136
37049000019,13140,6703,6175,262
37049000021,14056,9751,4033,272
370490000N4,19421,7964,10884,573
37049000016,17972,11926,5549,497
3719500PRWB,4185,274,3865,46
3719500PRWL,11469,5617,5621,231
3719500PRTO,16636,8765,7610,261
3719500PRWN,9933,662,9172,99
3719500PRWJ,16512,6495,9722,295
3719500PRCR,10209,6848,3188,173
3719500PRSP,9120,6140,2835,145
3703100MCRK,2528,2063,405,60
3703100BCRK,8900,6763,1924,213
3703100WILD,15384,10746,4203,435
3703100CCCP,15223,11518,3364,341
3703100MERR,2420,1577,813,30
37009000004,2213,1322,852,39
37009000015,3964,3072,822,70
3700500006A,6771,4814,1808,149
37193000125,3347,2720,554,73
37017000P30,5804,1192,4531,81
37047000P14,15165,8036,6853,276
3703100MASM,3047,2055,928,64
3700300S1S2,12392,9520,2526,346
3719500PRWQ,2611,67,2522,22
3719500PRWI,7483,2041,5328,114
3719500PRTA,29410,15425,13548,437
3703100MHD4,13594,9544,3753,297
3710900ST36,14559,9985,4217,357
37035000009,11443,9370,1838,235
3716100016A,12074,9408,2441,225
37111M.COVE,7458,5811,1519,128
3716100004A,10096,7622,2271,203
3710900LI14,6876,4635,2050,191
3710900SL24,8122,5993,1928,201
37161000014,10301,6310,3707,284
37161000029,8482,5841,2497,144
37023000052,5621,3743,1725,153
37023000001,13571,9177,4030,364
37009000007,1586,1085,460,41
3708700CL-S,11177,6827,4027,323
3708700CL-N,9635,5894,3438,303
3714500ALVI,9811,5205,4418,188
3714500CUCL,8597,5388,3069,140
3714500WDSD,5039,2412,2523,104
370870000BC,131,66,59,6
37093000012,15388,8829,6007,552
37171000031,15034,9441,5289,304
37171000019,11467,8048,3174,245
37171000023,4464,3260,1098,106
3719500PRBL,11957,8645,3143,169
37023000031,8430,2926,5258,246
37023000021,6279,4235,1861,183
37023000024,11340,7708,3356,276
3701700P501,12553,5258,7115,180
3702700PR33,26184,19990,5482,712
3702700PR25,7941,6225,1507,209
37171000029,14399,10385,3664,350
37171000009,6410,4978,1282,150
37017000P15,12064,8509,3369,186
3713300RL09,24131,16795,6619,717
37093000013,5476,3347,1972,157
37155000010,3930,2081,1769,80
37155000021,8466,4577,3720,169
370510G9B-1,18061,8893,8721,447
37155000008,6986,5187,1728,71
37155000009,5237,2845,2302,90
37037000009,6985,4805,2034,146
3714701508A,6786,3450,3111,225
3714701508B,7406,2729,4346,331
37119000137,30237,15422,14132,683
37069000015,14358,4770,9295,293
37069000003,16517,8197,7942,378
37069000008,13653,7609,5697,347
37069000005,10715,6591,3876,248
37069000016,8966,3494,5308,164
3700300000E,11270,8429,2549,292
371510000AW,24330,14671,8957,702
371510000SO,16315,13311,2695,309
371510000DR,19551,15331,3763,457
371510000GR,16817,12997,3432,388
371510000PR,25900,21137,4172,591
371510000AE,18369,9307,8568,494
371570000DR,8980,5335,3415,230
37161000027,15426,9872,5196,358
3702700PR32,11975,9090,2608,277
37193000109,3578,2595,923,60
3702700PR21,13253,10491,2401,361
37023000066,8596,5917,2450,229
3702700PR22,14441,11486,2623,332
37111DYSART,10033,7492,2279,262
3700300000W,8185,6464,1525,196
37093000064,8395,3547,4612,236
3702700PR34,21914,15994,5359,561
3701300RVRD,9548,5916,3441,191
371570000MS,33494,14885,17864,745
3716100009A,15004,12197,2536,271
3714900GC09,11900,7825,3848,227
37037000075,23409,10477,12584,348
37037000024,3715,3217,436,62
37009000006,2249,1646,556,47
37023000040,7616,4862,2528,226
37023000022,8292,6128,1975,189
37069000018,14209,8442,5298,469
37069000011,7386,2975,4283,128
37069000001,8274,2544,5547,183
3710100PR37,18454,13135,4945,374
3710100PR07,12940,9670,2991,279
37191000003,14573,10971,3280,322
3710100PR25,10498,4874,5391,233
3710100PR26,9880,3651,6026,203
370130AUROR,4939,2127,2721,91
370130WASH4,9597,5000,4385,212
371170000R2,5544,1865,3600,79
371170000BG,7340,5536,1651,153
3701300TCRK,10948,7576,3077,295
3701300OLDF,6799,3675,2973,151
370130EDWAR,4202,2382,1725,95
370130BELHV,6962,3658,3159,145
371170000CR,4639,2587,1988,64
37147000401,6854,2656,4090,108
3714701504A,10746,1373,9151,222
3714701504B,19760,4631,14634,495
3714701505B,10936,814,9931,191
37171000030,20946,13564,6887,495
37171000005,10905,9172,1567,166
3713300FS16,18292,13555,4159,578
3713300HR17,11430,7772,3211,447
3713300MT24,7942,6052,1623,267
3714100SC13,17656,11586,5619,451
3714100UH08,3751,948,2759,44
3714100SP15,17935,11825,5558,552
3719500PROL,18087,12781,5005,301
3712700P01A,13507,8486,4762,259
3719500PRWE,5951,1607,4258,86
3719500PRWM,19564,8853,10314,397
3719500PRGA,10536,5349,5029,158
371010PR31A,14460,8953,5052,455
371010PR10A,14154,5636,8120,398
371010PR29A,29069,17741,10394,934
371010PR11B,23558,11850,11045,663
371010PR10B,11407,6836,4282,289
371010PR27A,7986,3736,4089,161
3710100PR30,18155,9798,7896,461
3703300LEAS,3078,1580,1434,64
37119000146,18597,2262,15854,481
37119000225,11307,5027,5930,350
37119000151,23215,4801,17817,597
37119000065,7506,3048,4267,191
37099000SCC,7568,4478,2880,210
37047000P07,12792,6264,6318,210
37113000013,2599,2080,460,59
37093000002,7055,2940,3928,187
3715500026A,12535,3833,8490,212
371070000K2,3467,142,3259,66
371570000EC,17792,10348,7056,388
371570000WS,28577,18316,9483,778
371510000LC,10566,8274,2078,214
371510000UG,33048,25594,6697,757
371570000RC,22461,15745,6310,406
37115MARS-H,17103,9413,7229,461
371150NORTH,10389,6005,4120,264
37019000005,17936,11592,5759,585
37019000001,7642,4206,3245,191
370830000SN,11310,2683,8541,86
37099000BCK,5959,3862,1949,148
37119000135,32175,3836,27564,775
37119000014,14400,2009,11968,423
37119000098,9830,1399,8191,240
37019000015,31334,20737,10024,573
37183016-06,7083,2212,4631,240
37183017-13,26890,8727,17433,730
37183017-12,16505,4274,11773,458
37183017-04,33423,10576,22050,797
37183004-11,8106,2230,5619,257
3704900N3N5,15839,6472,8920,447
37155000041,12179,9062,2954,163
37155000014,3846,1902,1866,78
37183001-11,13291,6828,6286,177
37183004-20,16328,5122,10644,562
37183010-04,40446,15683,23797,966
37183020-15,21741,6151,15056,534
37183020-16,19908,5753,13640,515
37183020-17,22595,8011,14025,559
37183001-20,13405,1473,11643,289
37183019-13,11581,4381,6875,325
370150000M2,3171,1170,1953,48
371510000AR,36785,27607,8333,845
3712700P07A,4094,2770,1237,87
37083000HAL,6104,1477,4581,46
37071000014,5510,3241,2114,155
37071000039,16404,13762,2254,388
37057000028,12080,8349,3442,289
37103000P05,6870,2903,3849,118
37103000P01,3145,1892,1197,56
3705500STPT,683,551,112,20
371390NORTH,8741,3145,5370,226
37057000046,12181,9300,2641,240
37057000082,12981,10097,2556,328
37123000MTG,7632,2509,4985,138
3708100MON1,12481,3595,8630,256
37081000G06,6635,270,6244,121
3713900EAST,12424,4964,7134,326
37183001-45,9163,3356,5471,336
37183001-40,19739,1321,18074,344
37071000023,16663,9844,6378,441
37023000011,12453,9993,2142,318
370030000B1,13944,10494,3093,357
3719700BNVL,13241,10008,2945,288
3719700SKNB,5716,4878,736,102
3702700PR01,14909,10351,4188,370
3702700PR18,18809,12575,5744,490
37057000012,3702,2884,700,118
370510G9B-2,19362,9559,9345,458
37051000G9A,12149,5708,6122,319
370510G3A-1,15434,4469,10579,386
3705100CC12,8138,5471,2492,175
3705100CC14,11954,6539,5085,330
3705100CC07,4737,2517,2054,166
3706100ALBE,5540,4148,1304,88
37019000014,21118,14631,6023,464
37019000013,15056,9592,5005,459
3701900010A,19344,12402,6546,396
3701900010B,29965,17770,11836,359
37057000088,11843,8356,3250,237
37081000H15,8860,3662,4946,252
37057000018,9389,7549,1645,195
37057000072,13469,10639,2560,270
37057000060,18930,11800,6692,438
37081000H22,5961,2427,3360,174
37081NCLAY2,7320,5162,2015,143
3708100JEF1,14600,7090,7232,278
370810NWASH,6064,4832,1128,104
37081000G35,6424,2429,3876,119
37167000026,7756,5985,1586,185
37081000G52,7829,803,6871,155
37001000127,16751,4353,12093,305
3700100012N,13079,1947,10850,282
37001000013,15005,6839,7878,288
3700100006E,9999,4515,5243,241
37001000063,10237,3215,6836,186
3700100010N,16808,9600,6831,377
3719903-EGY,2343,1468,818,57
37183010-03,13814,5773,7661,380
37183004-05,19510,6644,12341,525
37183011-01,28056,8917,18270,869
37071000021,9665,5918,3527,220
37003T1T4T5,17526,12925,4162,439
37183017-11,22346,5158,16642,546
37183001-50,14468,910,13293,265
37183010-02,19759,8622,10591,546
37183008-02,21611,7909,13106,596
37183020-08,25510,10456,14261,793
37183001-15,11527,4603,6653,271
37183001-49,15658,3483,11560,615
3705100CC33,10087,3371,6463,253
3705100CC01,9088,1083,7816,189
37125000PBF,10685,5878,4522,285
37125000LTR,13044,8702,4015,327
37125000PHC,20419,11940,8060,419
37125000EAB,12292,6528,5380,384
37125000PDN,15854,8682,6666,506
37093000004,4338,2385,1866,87
37169000017,8152,5742,2198,212
37169000015,6450,4921,1396,133
37169000007,3133,2250,807,76
371510000BC,14403,11916,2182,305
371510000AS,18071,12751,4940,380
371510000LB,12180,7554,4339,287
37001000001,16266,12671,3238,357
370130000HB,3833,3234,523,76
37081000H04,10605,3742,6637,226
3708100JAM5,6849,4960,1725,164
37169000004,9421,7432,1718,271
37169000020,6278,4732,1406,140
37169001819,4791,3349,1357,85
37169001618,9406,5634,3556,216
37095000ENG,2208,1315,846,47
37169000009,9685,7437,2014,234
371370003BY,6247,2837,3298,112
370510G2C-2,10899,4840,5796,263
370510G2C-1,13318,5031,7854,433
370510G5A-2,10225,3825,6169,231
37051000G8A,15438,5489,9518,431
37051000G8C,9496,3671,5570,255
3705100AH49,13699,3766,9579,354
37051000G6A,20697,14483,5810,404
3716300CLEM,6567,4669,1791,107
37071000017,18923,10499,7968,456
371170000R1,4295,1427,2803,65
371170000HM,3496,1214,2217,65
3711700000J,8526,5352,3058,116
370130PINET,4207,3595,531,81
370150000MH,3524,1470,2010,44
371570000HO,9111,6353,2534,224
37081000FR4,7783,4186,3424,173
37081000H09,5822,306,5403,113
37081000H08,4086,390,3625,71
37081000G29,7402,2447,4772,183
37169000008,6064,4834,1061,169
37169000013,8122,6417,1506,199
37169000012,8753,6864,1682,207
37081000RC2,24109,11369,12155,585
37125000WAB,16636,9133,6957,546
37125000WND,11657,7242,4156,259
37037000003,8301,5735,2405,161
37019000002,31364,16500,14011,853
37189000011,10909,6352,4223,334
37189000014,14427,5653,8254,520
37115LAUREL,3933,2530,1298,105
37001000002,16753,13241,3219,293
37001000005,12266,9467,2551,248
3703300ANDE,3982,2819,1101,62
3703300STON,10042,6575,3300,167
37001000011,15166,7128,7760,278
371350000CA,5453,2805,2509,139
370330000PH,8436,5290,3033,113
37001000007,14730,11131,3315,284
3700100008S,6859,4658,2057,144
37071000025,10682,6902,3454,326
37071000028,17992,11382,6082,528
37071000029,21420,14586,6360,474
3713704VM-A,943,420,515,8
3713704MSIC,852,368,479,5
371510000NM,19610,16407,2791,412
371510000RN,25328,18557,6083,688
371510000RM,12460,8355,3829,276
37193000106,4175,3130,949,96
37189000005,7590,1553,5745,292
37081000G61,8563,1716,6633,214
37081000G48,13761,2366,10946,449
37081000G50,12242,2085,9809,348
37081000H01,7188,1991,5021,176
37081000PG2,13022,9250,3462,310
37155000035,8053,5869,2056,128
37185000012,4080,2729,1284,67
370130BEADM,7957,6556,1247,154
37193000124,5881,4827,951,103
37171000001,9189,7215,1807,167
37193000107,12505,9989,2277,239
37193000128,11890,8485,3125,280
37193000103,2437,1894,474,69
37193000122,3856,3472,326,58
3719700SBCK,3887,2965,785,137
370810MON2B,8584,2543,5859,182
37081000FR1,19931,6235,13201,495
371150BEECH,11951,7587,4050,314
371510000ST,9269,7297,1801,171
3705100G11B,10534,5023,4813,698
37051CL57-1,13220,3442,9362,416
3705100CC27,14943,3387,11069,487
3705100G10C,16703,9406,6889,408
37125000VSS,9362,6183,2927,252
3712500EKWD,6429,3930,2354,145
3712500WKWD,10914,6880,3770,264
37125000CAM,11962,8659,3033,270
370510G5B-1,12695,1616,10811,268
37051000G3B,4759,2037,2596,126
37051000G8B,10695,4710,5641,344
3705100LR63,18091,3981,13599,511
37051000G8D,12464,6287,5740,437
3710900HC33,15428,11557,3490,381
3710900OB21,10906,8543,2083,280
3710900LN11,6954,3531,3251,172
3706100ROCK,4281,2359,1863,59
3716300HARR,7576,2426,5042,108
3706100CYCK,5787,4797,907,83
3713300CL10,11676,8755,2462,459
3713300NM13,5095,4276,695,124
3706100SMCA,5152,4069,1008,75
3714500SWST,9322,6004,3165,153
3708700WS-1,10132,5253,4655,224
3714500ROX4,7893,3476,4252,165
37065001001,9443,4455,4819,169
3715500018A,6936,3693,3119,124
37051000G2A,19303,5666,13167,470
3719901-BUR,14945,8622,5974,349
3719908-CRA,11656,7909,3505,242
37065001203,13423,5697,7547,179
37065001204,7323,327,6928,68
37065000101,9397,962,8312,123
370870000CR,7324,4307,2845,172
3708700FC-2,757,507,223,27
3713300HN14,10488,7539,2600,349
370950000BM,1383,1198,166,19
370130PANTE,5007,3227,1708,72
37183004-18,14972,4877,9665,430
37183001-23,24288,5725,17585,978
3712700P05A,14554,11478,2828,248
37081000G75,7828,560,7159,109
37081000SF1,16526,10072,6053,401
37081000OR1,19315,12513,6434,368
37081000G47,10795,1664,8759,372
37081000G74,9380,289,8955,136
37167000010,5685,3676,1818,191
37167000013,8608,6586,1744,278
37167000023,13525,11265,1948,312
37081000G53,12443,901,11335,207
3708100SMAD,12234,6478,5481,275
37081000G65,11345,3561,7426,358
37081000G51,7655,2066,5383,206
37167000008,6653,853,5660,140
37167000015,5978,3528,2296,154
3708100JEF2,12605,4146,8198,261
37081000G72,10354,625,9530,199
371150SOUTH,4519,2330,2039,150
37115WALNUT,5857,3368,2315,174
3701900004A,49642,26407,22158,1077
37129000W03,9656,1456,7857,343
37129000W26,11272,3746,7089,437
37019000011,10544,5489,4782,273
3701300WDPD,7084,5336,1614,134
371170000W2,12343,4441,7735,167
370150000W1,16194,5331,10672,191
370130WASHP,5659,3356,2204,99
3708100SDRI,26534,14877,11077,580
37081000G64,11641,2523,8796,322
3708100SUM2,10276,3171,6879,226
3708100H19A,5552,690,4732,130
37081000G15,6839,1723,4945,171
37081000GIB,12286,6535,5416,335
37167000017,9156,7134,1825,197
37159000022,4129,3465,559,105
37081NCLAY1,12452,7158,5052,242
3713300TL06,15199,10073,4609,517
3713300GB12,19462,13370,5453,639
371570000SE,17770,10304,7163,303
3708100NMAD,12954,6071,6626,257
371570000HU,19832,14655,4708,469
371570000MC,20617,10579,9600,438
370890000SW,12049,6819,4910,320
3708100MON3,21597,12986,8163,448
371570000IR,11903,8911,2761,231
37081000G44,9761,1397,8039,325
37081000G67,4510,145,4274,91
37081000G32,12677,5424,7053,200
37081000H03,5967,1274,4556,137
370810000GR,12219,9499,2431,289
3714100PL10,2214,1658,519,37
3714100UU17,4807,2702,2038,67
3708700000P,12243,8717,3257,269
3708700BE-1,5544,3782,1607,155
3708700BE-3,8765,5788,2758,219
3714500MTTZ,11816,7741,3805,270
37063000028,18256,9225,8607,424
370890000RG,11342,6917,4133,292
370890000SE,5980,3677,2138,165
3708900HV-2,13248,5826,7064,358
370890000SB,13981,9897,3771,313
370890000GR,12167,8848,3069,250
3714500RCTL,17987,8484,9148,355
37057000024,6319,4652,1527,140
37057000036,5166,2033,2999,134
37057000050,16309,13418,2586,305
3716300AUTR,7280,5644,1518,118
37179000009,6193,2227,3836,130
37179000006,8499,6392,1943,164
3717900020B,21889,13963,7369,557
37179000043,3673,551,3043,79
37179000039,11621,8750,2617,254
37179000015,21310,11920,8774,616
37179000040,18846,11544,6906,396
37179000008,10398,3813,6312,273
3717900029C,11631,7452,3880,299
3701300NCRK,6301,4605,1588,108
370130SURBA,9062,6798,2079,185
37045000S-C,29163,13128,15391,644
3704500KM-S,19194,11797,7024,373
37045GROVER,14012,10289,3485,238
370450MULLS,8827,7062,1569,196
370450CASAR,6456,5649,665,142
3716100010A,5754,4604,1041,109
37045SHANGI,12049,8414,3401,234
3704500S-4A,20337,10078,9877,382
3704500LATT,12148,9276,2603,269
3714100UT14,20469,14032,5849,588
37067000132,20306,10625,9142,539
3712900CF02,12859,7835,4615,409
37129000H12,17444,10076,6875,493
3712900CF01,18896,9198,9143,555
37019000003,7147,2935,4018,194
3714100GR06,6721,3400,3160,161
3716300MING,10951,8159,2630,162
37129000H11,30448,16689,12856,903
3712900CF05,14814,7758,6511,545
37129000W27,14307,2739,11131,437
37129000H08,30249,17031,12396,822
3716300LAKE,11704,4281,7247,176
3716300ROSE,6185,4401,1664,120
37081000H28,13902,5463,8087,352
3708100H29A,10741,3702,6775,264
37009000013,5286,3778,1360,148
3702700PR14,13755,9855,3496,404
3702700PR02,7002,5161,1671,170
37123000ELD,6984,5408,1452,124
37057000022,4237,3155,965,117
37057000038,4457,960,3367,130
37057000006,13055,10498,2211,346
37067000606,7519,2346,4965,208
37067000906,15492,5744,9359,389
37067000021,17331,12844,4094,393
3714100CL05,6786,2442,4225,119
37155000003,7283,5056,2128,99
371170000GR,4961,3590,1288,83
37019000018,8227,6058,1977,192
37001000035,18371,9924,8072,375
37001000064,20259,11619,8229,411
37001000128,7423,2057,5188,178
3702700PR13,13863,11362,2200,301
3702700PR07,9173,7020,1961,192
37023000062,3734,2657,983,94
37011000004,401,272,125,4
37179000012,12138,10382,1547,209
37009000018,702,497,177,28
3703300MILT,9163,3758,5276,129
3700100006N,8859,2929,5705,225
37001000129,8125,5032,2924,169
3714100MT19,16207,10428,5387,392
3714100CS04,4619,2608,1906,105
37081000G33,8725,3743,4785,197
37167000011,6376,4609,1575,192
37167000027,11536,8374,2911,251
37057000068,9013,4919,3857,237
37057000040,8744,4307,4249,188
3714100LU16,5114,3531,1466,117
370910000CM,2066,1051,988,27
370890000HS,12097,6957,4896,244
3708900HV-1,11544,5019,6224,301
370890000NW,9235,5045,3910,280
370890000EF,11108,7213,3576,319
370890000BK,6461,3496,2753,212
370890000PR,12520,7568,4586,366
370890000AT,15863,9692,5869,302
3700100012E,5898,1946,3777,175
37001000103,13791,8599,4918,274
371350000CX,26385,11464,14243,678
3700100010S,35480,15192,19430,858
370910000M1,9918,2583,7200,135
3707900BEAR,4037,2438,1533,66
37079000SH1,7577,3429,4016,132
3707900CAST,3974,2673,1258,43
37155000030,8678,5354,3136,188
370910000HV,3676,1704,1940,32
370910000A3,5200,393,4760,47
3708100JAM2,9226,4426,4574,226
3708100JEF3,18671,2951,15416,304
37081000PG1,8387,4899,3293,195
37081000H26,10035,4789,5005,241
370810SCLAY,10064,7625,2190,249
3708100SUM3,6009,4249,1628,132
3702700PR17,8054,5273,2609,172
3702700PR30,10736,5548,4904,284
37155000020,4572,2573,1944,55
37065000501,2490,1053,1407,30
37065001205,4639,119,4466,54
370130WASH2,6098,1867,4117,114
3700100012W,9196,3892,5069,235
3700100012S,4499,1298,3103,98
37001000126,9010,5057,3785,168
37001000125,9382,5276,3895,211
3707900WALS,4609,2372,2171,66
37081000G37,11272,2501,8441,330
370810H27-A,9899,4506,5128,265
370810H27-B,10293,4591,5432,270
37167000021,6597,5594,875,128
37081000G23,6919,2321,4399,199
37081000G39,6509,2311,4059,139
37081000G38,11385,3763,7383,239
37081000G09,12876,2016,10569,291
37179000003,4950,2068,2748,134
37179000016,24818,15385,8777,656
37081000H23,6516,3722,2640,154
3705700086A,15956,9310,6219,427
370290000CH,12729,8817,3627,285
37139000NIX,17624,11362,5953,309
371390SOUTH,10958,2041,8732,185
3716300GARL,5320,2272,2966,82
37129000W15,20080,4029,15397,654
3712900FP08,26095,14583,10728,784
37129000M06,14378,7898,6073,407
3713300WN04,21334,13411,7330,593
371330NE22B,21463,12309,8340,814
37129000W28,14503,4866,8994,643
3716300WBRK,6870,5066,1670,134
3710100PR38,9588,7852,1572,164
3719700DCRK,8575,6607,1718,250
370970000EM,5616,4463,1027,126
370970DV1-A,43876,29093,13707,1076
37097000CC3,41525,25162,15038,1325
37159000004,18793,14943,3364,486
37159000024,6554,5064,1319,171
370970000BE,24383,16917,6848,618
370970000FT,36005,25135,9938,932
370970000BA,22994,16462,5893,639
370970000CS,12376,8519,3523,334
37059000002,5066,3804,1138,124
37097000CC4,30799,19150,10611,1038
3709700SH-B,14270,11115,2729,426
3716300CLWE,8169,5074,2977,118
3715700LK-2,14783,9028,5437,318
371570000LI,17173,12245,4611,317
3703300PELH,13069,8696,4152,221
37183008-05,11611,4958,6389,264
37183018-06,21115,5998,14396,721
37183001-27,11032,1691,9054,287
37183019-09,24633,13233,10808,592
37183007-07,22628,8517,13525,586
37183001-34,7258,348,6781,129
37183007-04,21838,6300,14831,707
370810SWASH,4837,3639,1077,121
3708100H29B,12292,4287,7662,343
37081000H11,7555,1308,6104,143
37081000G19,7735,3509,4065,161
37081000G12,5361,927,4310,124
37081000G30,8868,4328,4336,204
37081000G36,9081,2903,6019,159
37081000G34,9467,3967,5265,235
3708100JAM1,14136,7280,6502,354
37081000H07,5487,576,4798,113
37081000G11,7758,1595,5975,188
3708100FR5A,10628,5011,5303,314
3708100JEF4,9627,4522,4908,197
37183017-03,33012,9122,22980,910
37183009-03,18074,9152,8550,372
37183005-05,37858,11773,25071,1014
37063000033,44551,9543,33877,1131
37183005-03,20873,8059,12399,415
37063000032,26568,11785,14275,508
3718320-06A,25988,9485,15666,837
37097000ST3,14535,6401,7738,396
37183001-21,20533,5068,14849,616
37183005-07,36496,10209,25400,887
37183001-35,10372,458,9740,174
37183002-02,31458,16251,14546,661
37183010-01,6700,4248,2336,116
3714100RP20,8147,4449,3418,280
37193000111,9132,6997,1921,214
370810MON2A,14760,3446,11036,278
37183020-14,33952,11513,21718,721
37183018-01,24038,5284,17828,926
37183008-11,21469,7445,13456,568
37189000020,2362,1315,994,53
370530000CH,18022,13822,3698,502
37193000101,3299,2552,667,80
37189000017,2968,1702,1208,58
37177000015,2158,1079,1053,26
37183020-12,24276,9716,14032,528
37183019-12,34759,16233,17638,888
37183019-03,16256,7966,7610,680
37183017-09,18727,1720,16626,381
37183005-06,26942,10069,16410,463
37183001-26,10802,640,9928,234
37183016-04,14282,6087,7835,360
37051EO61-2,9455,5512,3776,167
37051000G4B,7710,3931,3541,238
3705100CC15,11984,6558,5135,291
3705100CC06,5081,2446,2406,229
37125000NSP,11427,5389,5640,398
37183018-02,26099,13662,11788,649
37183001-01,10064,2114,7694,256
37183003-00,29615,13563,15369,683
370890000EV,12811,8282,4228,301
370890000FR,17101,9248,7582,271
3719906-JAC,6812,4474,2182,156
37183015-01,22315,12581,9082,652
371010PR31B,29319,16921,11627,771
37183001-16,15039,4586,10078,375
37183001-29,13386,5630,7492,264
37071000044,22661,16152,6007,502
37081000G03,8215,584,7494,137
37081000G08,10039,2180,7651,208
3708100FEN2,9818,5858,3715,245
370810NCGR1,16460,9557,6492,411
37183012-09,25683,13378,11617,688
3705100AL51,23080,14892,7705,483
37125000RBN,5627,3941,1592,94
37125000EWD,7649,5027,2408,214
37051000G4C,7729,2157,5346,226
37125000BEN,9498,6507,2865,126
37155000015,3715,690,2981,44
3715500005A,12843,4869,7809,165
3705100MR02,11787,3771,7667,349
37071000012,12595,8039,4211,345
37071000022,18790,12954,5413,423
37071000018,26847,13367,12748,732
37189000001,2569,1413,1080,76
37051000G6C,8575,5118,3257,200
3705100SH77,12192,6862,5064,266
37051000G3C,5794,3220,2441,133
370510G3A-2,10209,4159,5755,295
3705100CC21,13679,3847,9485,347
37065000701,7219,1719,5449,51
37155000029,5603,1990,3551,62
37183013-09,22380,4856,16933,591
370510G2E-2,10463,1585,8635,243
3705100CC17,9979,1235,8585,159
370510G2E-1,8834,1709,6884,241
37125000DHR,8179,6412,1655,112
37071000045,16479,8669,7296,514
37071000006,6972,1642,5200,130
37193000102,7045,4962,1916,167
37193000118,9276,4822,4134,320
3714100SB02,13841,7909,5583,349
37063000023,29817,3074,26208,535
37063000029,20236,6555,13291,390
37183014-01,4266,2600,1563,103
3707700CRDM,22420,10317,11569,534
37063000019,14637,1481,12871,285
37063000009,13118,1513,11389,216
37063000010,8796,561,8062,173
37063000031,26341,6125,19520,696
37063000046,15786,2646,12779,361
37063000042,5776,143,5538,95
370630035.3,46962,9385,36508,1069
3705100CU02,7959,3321,4436,202
3705100CC05,7368,847,6321,200
3705100G10A,21929,10856,10540,533
3705100CC29,8753,2573,5899,281
37051EO61-1,13683,8606,4791,286
37189000007,17399,7097,9632,670
37189000004,17117,8695,7942,480
37071000035,7719,5769,1800,150
37071000004,21287,12155,8662,470
3705100CC31,7758,3107,4378,273
37125000SSP,16773,7017,9458,298
3712500PHB1,15231,9127,5822,282
37125000SLS,21728,14281,6971,476
3705100CC18,7150,4371,2649,130
37051000G6B,5268,3869,1299,100
37017000P70,2055,997,1023,35
37051000G4A,6305,2585,3502,218
3705100CC25,7921,3015,4658,248
3705100CC24,5750,2000,3551,199
37067000505,7640,1667,5804,169
37067000123,14056,6435,7260,361
37067000091,10042,7012,2737,293
37067000602,19647,6853,12265,529
37067000082,21809,9270,12092,447
37067000092,8484,6072,2191,221
37067000015,12953,7506,5152,295
37071000027,22799,14587,7661,551
37071000013,12475,7501,4698,276
37189000006,10596,2798,7275,523
37189000003,12635,6319,5995,321
37071000038,13388,10981,2109,298
37189000019,14594,7468,6709,417
37071000024,13144,7591,5127,426
3714100CT03,916,348,555,13
37193000119,18436,14334,3694,408
37071000042,12613,8594,3726,293
37071000036,13700,10675,2738,287
37189000002,5018,3522,1375,121
37067000908,14087,6701,7049,337
37067000802,8116,3833,4105,178
37067000709,14506,5248,8885,373
37067000703,6084,1677,4210,197
37067000701,7117,3096,3879,142
3715900019A,19124,14065,4551,508
37159000002,5813,3109,2547,157
37189000008,10744,6642,3805,297
370530000WH,3858,2073,1704,81
37065000601,4413,1087,3276,50
370830ENF-2,5604,510,5059,35
37065001201,16655,660,15839,156
37065000103,10157,4984,5034,139
37155000037,2481,2056,381,44
37183008-10,14890,5123,9299,468
37183020-03,21963,9089,12216,658
37183020-11,25722,10686,14240,796
37183006-09,35669,17217,17449,1003
37183006-08,11950,4615,6957,378
37183012-08,24158,10379,13022,757
37183001-44,18455,5394,12545,516
37065001101,4715,2610,2045,60
37065001202,7474,249,7151,74
37067000072,27479,15169,11642,668
37067000206,7136,733,6281,122
37067000405,7705,214,7375,116
37067000605,15813,4848,10551,414
37067000604,7281,1380,5689,212
37067000122,28486,10742,17000,744
37065000201,5108,2385,2642,81
370890000SM,17735,11584,5705,446
370890000GM,5768,3461,2155,152
370890000NE,8618,4734,3630,254
370910000SJ,3218,1028,2159,31
370910000UN,3954,1431,2473,50
370910000A1,8580,2362,6121,97
370070WADES,24989,8564,16021,404
37177000002,6280,3761,2383,136
37177000003,820,501,296,23
37177000001,909,134,760,15
37011000003,2085,1739,307,39
37011000010,3514,2747,699,68
37011000002,9820,6165,3356,299
37121000006,2532,2046,435,51
37121000004,27192,20405,6213,574
37111N.COVE,3829,2873,868,88
3719909-SOU,8972,4817,4001,154
3700700PEAC,5452,4153,1199,100
37179000036,9405,6682,2536,187
370070000MM,5158,1113,3982,63
3700700POLK,3791,2098,1634,59
37007000ANS,4537,2372,2078,87
37025012-13,15736,3806,11475,455
37025012-08,5939,2889,2790,260
37025006-00,10136,8432,1474,230
37025010-00,26039,18621,6805,613
37179000032,15985,11122,4573,290
37025009-00,12646,10092,2241,313
37025002-03,28893,15821,12220,852
37025001-11,22277,11666,10058,553
37025004-03,12595,6394,5861,340
37025004-11,13232,6445,6348,439
37159000016,8253,4615,3388,250
37159000009,9495,7770,1477,248
3707900MAUR,7441,3899,3459,83
3707900HOOK,3566,1947,1582,37
3710700000V,9396,4263,5006,127
37067000404,10847,1662,8921,264
37067000301,3519,121,3323,75
37067000034,10365,6258,3847,260
37067000702,7578,2180,5141,257
371870000LM,8068,2663,5312,93
371870000P1,5363,1582,3694,87
371870000SK,3766,2045,1660,61
37181000NH1,7358,610,6634,114
371810000NV,6007,1828,4105,74
3718100SCRK,16992,7437,9335,220
37025012-10,5362,2858,2315,189
37025004-13,24662,14605,9299,758
37025002-08,33174,15537,16695,942
37097000CC2,27672,15874,10946,852
37097000ST6,15773,6957,8425,391
37097000ST1,17609,10069,7071,469
370970000TB,10842,7431,3123,288
370970000SB,8840,7237,1436,167
37067000133,29251,16626,11925,700
3719700FBSH,14443,11282,2847,314
37097000ST4,13807,7271,6121,415
370970000UG,6792,5478,1164,150
37097000CC1,29953,18050,10901,1002
370970000OL,6166,4845,1205,116
37097000ST2,13423,6708,6264,451
37097000ST5,13831,6446,7000,385
3717900017B,22432,13955,7950,527
37179000034,16540,11974,4247,319
370970DV2-A,20399,14270,5523,606
3709700CH-A,11291,7019,4000,272
3709700SH-A,14068,10700,3045,323
3703900HOTH,6203,4791,1271,141
3703900MARB,5947,4723,1088,136
3703900MURN,8926,6215,2486,225
3703900MURS,9871,7315,2331,225
3703900RGER,7600,5645,1787,168
3703900CSON,3800,2974,756,70
37179000014,6333,4109,2019,205
37179000025,9081,6635,2231,215
37179000002,7108,2482,4432,194
3717900028D,22714,12872,9264,578
3717900020A,24911,13509,10726,676
37179000023,10060,6838,2965,257
37065000301,1860,803,1034,23
37155000013,6813,3328,3352,133
37025008-00,18862,14422,4008,432
37025001-10,13710,7290,5982,438
370970000CD,21909,16178,5171,560
37059000014,10602,7549,2806,247
37069000010,4705,3050,1570,85
3712700P09A,6496,3504,2875,117
37011000005,1421,1169,226,26
37111FORT-1,5838,3992,1662,184
37023000018,2341,1509,798,34
371110MAR-2,6205,3027,2984,194
371110MAR-5,4343,2899,1342,102
37111HIGGIN,6342,4959,1247,136
37111GLENWD,8201,6346,1711,144
3711100NEBO,12171,8904,3012,255
37023000019,2833,1803,991,39
37111FORT-2,7299,4939,2172,188
3704300HAY2,6306,4389,1756,161
371750000LR,7762,5057,2536,169
370890000ES,10382,6320,3749,313
37059000009,10325,6772,3264,289
37067000055,18208,10191,7612,405
37119000040,10298,1095,8921,282
37011000015,3113,2405,637,71
371750000DR,11915,5916,5766,233
371750000B1,8268,3115,4922,231
371471403A2,15495,7268,7873,354
371471403A1,16035,8594,7126,315
3714701102B,18801,12064,6333,404
37147001201,16652,7966,8380,306
37147001507,12956,4675,7811,470
37067000012,12504,9037,3184,283
37067000073,15559,10196,4974,389
37025004-01,12356,5673,6275,408
37025003-00,26497,16041,9746,710
37159000044,11794,9690,1765,339
37065000102,13208,5066,7940,202
37065000901,5056,3606,1369,81
3719500PRSA,4628,2188,2381,59
37119000222,31542,6381,24307,854
37119000228,19062,4847,13627,588
37119000138,14982,2826,11743,413
37119000027,10077,895,8869,313
37119000025,9502,242,9070,190
3707300004N,6074,3844,2104,126
3707300004S,4326,1928,2317,81
3718100KITT,16235,8607,7354,274
3704300TUSQ,3156,2353,755,48
3704300WARN,3320,2481,767,72
3718100HTOP,3009,827,2149,33
37025011-01,23604,10570,12313,721
37059000001,5200,3847,1239,114
37059000003,12229,9597,2294,338
3719700SLIB,9821,7931,1653,237
37183007-10,26835,8319,17751,765
37059000006,7824,5713,1886,225
371110MAR-4,4248,2783,1339,126
37111T.COVE,3424,2776,600,48
37059000011,8241,6412,1644,185
370630030-1,45960,10024,34834,1102
37063000038,33140,5630,26746,764
37063000027,16575,3728,12515,332
371350000GL,11646,2357,9093,196
371350000ES,8792,1198,7426,168
371350000CF,21888,3744,17706,438
371350000RF,9847,1642,7977,228
370630053-2,22370,4361,17539,470
370630030-2,36504,5448,30262,794
37183007-01,9052,2783,6000,269
37183012-05,41128,20847,19166,1115
37183016-11,15756,2425,13045,286
37183016-10,24172,3086,20566,520
37183008-03,28592,10250,17439,903
3703900HIWA,8608,6637,1828,143
3703900HANG,3438,2839,498,101
3703900ANNW,6540,4799,1567,174
3700500003A,15854,10707,4695,452
37193000126,3532,3001,490,41
37103000P04,9207,5421,3581,205
3704900CLR4,9785,4940,4588,257
37049000005,11972,7458,4183,331
371070000T1,5875,4767,1027,81
371070000SW,4697,3623,989,85
37155000012,7264,2365,4799,100
37155000028,4063,2526,1453,84
37071000001,5685,2384,3095,206
3703900ANSW,6567,4877,1516,174
37181000SH1,7122,1408,5608,106
37181000SH2,2833,899,1876,58
371810000WH,16884,6969,9609,306
37131SEVERN,1629,839,766,24
371870000P2,4017,839,3108,70
37011000011,2435,1620,760,55
37121000009,6236,4386,1775,75
37063000013,4465,170,4204,91
37071000003,7604,2541,4871,192
37071000032,10656,7059,3266,331
37071000030,9715,6621,2857,237
37025012-12,9304,5170,3776,358
37025007-00,5582,4582,886,114
37025002-02,20919,10428,9853,638
371370004HB,870,778,78,14
3713100GAPL,8328,1237,7038,53
37067000068,13148,8335,4435,378
37067000043,12448,6411,5696,341
37067000201,17551,2551,14615,385
37067000705,10522,3442,6774,306
37067000809,13708,6162,7205,341
37159000013,10007,8320,1448,239
37159000023,7096,5987,953,156
37159000025,15921,12914,2586,421
3715900014A,19575,14233,4807,535
37159000010,13369,10125,2924,320
37159000036,11914,4310,7251,353
37183020-05,22180,9527,12090,563
37131COMIPE,6060,3100,2887,73
37159000040,10940,4786,5838,316
37081000G66,11336,3997,7042,297
37081000RC1,17321,7576,9410,335
37183004-21,9292,2405,6528,359
37183001-12,10216,3463,6525,228
37059000004,7286,5135,1924,227
37159000021,12240,8106,3819,315
37183020-10,17265,5947,10935,383
37193000105,5265,4191,949,125
37193000117,5665,4470,1057,138
37183013-08,14439,2743,11344,352
37183013-07,12398,3383,8700,315
37183004-07,15398,7686,7439,273
37131RICH-S,5791,1277,4448,66
37071000020,15504,11706,3457,341
3704500KM-N,20880,13113,7321,446
37071000005,8935,3290,5419,226
37067000061,10082,5648,4150,284
371110MAR-1,12484,8491,3701,292
371110MAR-3,3804,2657,1045,102
37111WEST-M,15224,11050,3815,359
37111PLEASA,9762,7179,2344,239
37111CCREEK,9961,6860,2853,248
37183012-01,32174,18040,13274,860
37183002-06,14440,7897,6282,261
37067000708,19762,7870,11376,516
37067000063,18568,11900,6229,439
37047000P11,3681,2869,764,48
37057000084,25514,18046,6911,557
37183019-16,14414,6446,7607,361
37183018-05,27461,11818,15047,596
371390000MH,18647,9549,8673,425
37183001-18,14100,4753,8947,400
37183001-38,11371,3161,7910,300
37183006-06,32531,14031,17490,1010
37059000012,18221,13014,4785,422
37073000001,6470,2778,3575,117
37059000005,12074,9060,2717,297
371370002OT,9701,5193,4343,165
37183016-07,17655,7123,10014,518
37073000005,4686,3052,1580,54
37073000002,4285,3023,1202,60
37183005-08,18399,4799,13181,419
37183015-02,29624,14436,14261,927
37183013-11,17065,7558,9086,421
3718100MIDD,12426,5052,7210,164
37191000011,10891,4293,6398,200
37183016-01,14717,6696,7588,433
37191000022,7636,3262,4224,150
37183007-09,17263,5741,10996,526
37143EAST-H,4109,1684,2341,84
37183012-06,21252,11086,9518,648
37183001-02,10146,2460,7427,259
37183001-14,19314,3086,15793,435
370210033.2,6489,2684,3627,178
370210005.1,13563,3059,10213,291
370210070.1,14544,4352,9709,483
370210049.1,19211,12102,6539,570
37191000023,7274,3478,3566,230
37035000004,3541,1771,1660,110
37035000021,8405,6518,1678,209
37035000027,17503,13281,3727,495
37057000030,7473,1354,5949,170
37153000016,1367,1192,157,18
37165000007,12239,4682,7346,211
371490TR123,13765,6336,7134,295
370210006.1,7265,1659,5421,185
37191000008,12277,9137,2843,297
37191000027,6928,1692,5139,97
37191000021,7840,2252,5476,112
37099000GLV,7502,5042,2293,167
37113000008,2127,1539,546,42
37113000005,11782,8278,3212,292
37113000009,11303,6724,4331,248
37099000CAS,8875,5581,3116,178
37067000403,6491,467,5903,121
37067000805,12140,5301,6582,257
37035000033,19796,14277,5043,476
37057000014,8885,7584,1123,178
3714700200A,12382,7075,5042,265
371750000CC,10667,7102,3292,273
371750000EF,4691,2555,2027,109
3710700000N,13659,8953,4478,228
371070000K1,2898,72,2777,49
371070000K3,5278,1028,4159,91
371750000B3,9195,4032,4876,287
371070000MH,16278,8118,7881,279
3707900SHIN,7122,4259,2752,111
37067000204,6442,508,5789,145
37067000306,6124,842,5153,129
37155000011,17606,11718,5666,222
370890000LJ,10348,5490,4632,226
370890000PV,10398,5820,4338,240
37123000OPH,1524,1331,166,27
3714701403B,23784,11065,12231,488
3714701513B,11890,6093,5517,280
37147001506,8227,2064,5926,237
371750000B2,7039,2729,4109,201
37147001503,11383,1828,9293,262
37147000501,6102,3826,2176,100
3712700P22A,8403,846,7438,119
3712700P06A,14009,5966,7830,213
37057000064,5898,1446,4328,124
37057000034,7398,3516,3684,198
37035000011,4451,2175,2153,123
37035000007,12846,7590,4865,391
37161000034,6613,5193,1295,125
37119000212,49023,7966,39881,1176
37119000080,14413,3180,10851,382
37119000121,20842,10953,9452,437
37113000006,9900,6817,2829,254
3714700800A,11022,5304,5556,162
37119000218,13113,7456,5224,433
37119000127,25541,12624,12351,566
37147001301,5247,3977,1175,95
3705500MATO,21958,12124,9347,487
37113000001,11051,6999,3718,334
37113000011,12675,8804,3587,284
37099000WEB,9306,4411,4661,234
37185000007,3489,1004,2419,66
3710100PR19,7792,5791,1882,119
37099000RIV,3515,2114,1310,91
37119000053,12930,1170,11453,307
37155000034,5121,3609,1405,107
371350000RE,16440,3264,12842,334
3707700EAOX,8934,2640,6165,129
3708300RR-4,4417,2999,1316,102
37153000007,4045,2112,1853,80
3710100PR24,9248,3604,5411,233
3710100PR33,19104,14020,4644,440
371010PR11A,14525,7983,6148,394
37047000P23,9055,5065,3846,144
37047000P19,9925,4848,4914,163
37119000149,25430,3854,20916,660
37119000210,27663,2986,24148,529
371010PR27B,13439,7488,5629,322
37035000022,15213,10662,4156,395
37069000012,6238,3448,2669,121
37119000147,15772,2847,12485,440
37119000030,16814,3041,13189,584
37119000056,6376,388,5813,175
37119000103,17131,8153,8534,444
37119000122,25170,8119,16195,856
37119000092,15274,7055,7805,414
37119000124,10927,1309,9380,238
37119000074,15043,7117,7581,345
37185000014,5796,1369,4339,88
37119000046,12444,2531,9484,429
37119000001,8441,3375,4902,164
37119000033,8950,1913,6773,264
37119000129,5732,1612,3911,209
37185000003,4313,1602,2638,73
371070000K7,7532,1325,6125,82
37119000051,13542,4728,8379,435
37119000042,10737,509,10038,190
371190078.1,10239,2379,7501,359
37069000017,16903,10867,5569,467
37147000701,9967,5893,3917,157
3714700200B,9784,3786,5813,185
3714701511B,16080,6571,9016,493
37069000002,6685,2722,3833,130
3713100WOPO,3580,1346,2186,48
37119000015,19618,4223,14875,520
37119000047,14463,5803,8310,350
37119000004,9398,2066,7065,267
370150000W2,3251,2987,230,34
3716100003A,9574,7910,1471,193
37119000219,12475,7006,5125,344
37119000024,11918,1818,9720,380
37119000234,15919,6944,8468,507
37119000083,15068,4191,10450,427
37119000089,27949,7906,19337,706
37047000P10,3582,3137,396,49
37047000P13,2673,2152,473,48
3710900LB34,12282,9357,2614,311
37071000034,10078,7982,1876,220
37045000S-S,25246,12734,11985,527
37045000S-5,11646,5870,5564,212
37045MRB-YO,6814,5278,1369,167
37045BETHWR,8376,6295,1864,217
3708700FC-1,3468,2240,1170,58
370830WEL-3,9412,2506,6817,89
370450000BR,21099,14921,5755,423
370830RR-11,11410,6548,4689,173
3700100003N,14502,7048,7154,300
3700100003C,11793,6802,4734,257
3700100003W,13688,8185,5218,285
370010003N2,3777,1492,2239,46
3715700ED-1,16872,10509,5983,380
37147001101,5685,3094,2495,96
3714701102A,15715,8920,6511,284
370210040.2,18292,11060,6807,425
370210041.1,14864,9035,5421,408
3710900BC13,6831,3708,2903,220
3710900IS20,7942,6242,1500,200
3710900WP32,26526,17924,7971,631
370210016.2,13979,2544,11023,412
3702700PR29,11654,7169,4102,383
370210027.2,4177,957,3150,70
37001001210,8098,3576,4321,201
370950000FF,1480,956,508,16
37063000008,12366,754,11399,213
3709500SLAD,1481,916,550,15
3710900PC22,11555,8805,2465,285
37001000124,8300,4211,3875,214
371570000NB,16605,12541,3674,390
371570000MA,17920,12353,5193,374
37191000016,9846,5803,3856,187
37191000018,5397,1010,4272,115
37171000017,5865,4339,1382,144
37171000027,6606,5191,1308,107
37169000506,6403,4726,1520,157
3719500PRST,5777,2710,2967,100
3703300YANC,9284,4097,4984,203
37171000011,6301,4462,1698,141
37171000032,8045,5531,2311,203
37171000016,6561,5053,1343,165
37171000012,9545,5890,3404,251
37171000015,8476,6016,2265,195
37171000018,10245,7728,2301,216
37171000013,6271,3774,2369,128
3713300CR07,19271,12883,5617,771
37119000049,12963,5024,7613,326
37095000OCK,3680,1159,2435,86
370950000SQ,2151,1384,735,32
37063000043,34169,6593,26918,658
371350000PA,14790,3828,10737,225
37183008-08,23606,9729,13267,610
37183008-04,9680,4510,4904,266
37063000051,28784,4456,23653,675
37063000017,13994,758,13013,223
37063000022,21248,1335,19502,411
37063000014,9122,848,8079,195
3706100HALL,5677,3452,2111,114
3707700SASS,8563,4880,3551,132
3707700TYHO,18930,12420,6072,438
37045POLKVL,10726,8485,2035,206
370450RIPPY,15945,10641,4993,311
37045LAWNDL,7827,4243,3438,146
37181000EH1,7605,417,7114,74
37045OAKGRV,15748,12088,3347,313
3704500WACO,14337,9446,4602,289
370130CHOCO,16581,10620,5610,351
3708700BE56,8079,4475,3341,263
37115EBBS-C,4816,3042,1660,114
37115SPRING,3467,1875,1510,82
37131NEWTOW,2397,1258,1104,35
3713100JARE,4010,1555,2400,55
3707700MTEN,22047,12451,9040,556
37183014-02,35959,21592,13529,838
3707700OKHL,5589,2956,2545,88
3707700ANTI,5474,1841,3588,45
37001000004,18110,13564,4192,354
37171000004,9481,6745,2534,202
37171000022,5670,4319,1261,90
37171000010,4211,3506,599,106
370870000WW,7666,4277,3140,249
370870000JC,14755,8815,5535,405
3707500WEST,8891,6730,1934,227
3702700PR24,8361,6606,1522,233
3716300KFRK,7969,4598,3236,135
3716300SBRG,4394,3021,1317,56
3716300CLSW,6661,3750,2794,117
370890000CC,17648,11245,5953,450
3712900FP06,19330,10917,7743,670
37129000M03,22089,12454,8984,651
37129000H05,18648,10367,7778,503
37129000W29,13653,1065,12247,341
37073000003,8404,4037,4188,179
37005000004,6247,4760,1345,142
370530000CB,1018,614,364,40
370290000SM,12421,9037,3052,332
370290000SH,8145,5994,1931,220
371370002SW,1985,1291,650,44
37025004-08,7434,4214,2985,235
37025012-11,7461,3577,3639,245
37025012-09,11930,6984,4608,338
37167000022,9081,6991,1935,155
37167000025,14744,12195,2175,374
37167000024,16355,13268,2739,348
37081000H12,5733,1529,4022,182
3708100CG3B,14308,5587,8429,292
37139000PRO,21497,13743,7225,529
37067000806,9383,4481,4639,263
37067000507,22905,8245,14007,653
3719700NKNB,12766,9187,3293,286
37067000075,3518,2314,1105,99
370530000PB,16367,11096,4879,392
37081000G20,12322,5313,6703,306
37081000G04,7843,563,7126,154
37081000G73,6702,208,6386,108
3708100SUM1,10519,3221,7115,183
3708100JAM4,12804,7729,4827,248
37081000G01,5102,379,4612,111
3712900FP07,24928,14681,9582,665
37129000W25,16970,2917,13456,597
37183019-19,32675,16827,15087,761
37183019-18,17167,8167,8510,490
37183001-31,16816,2846,13273,697
3719902-CAN,6651,4458,2001,192
37081000G21,16084,6313,9426,345
37183004-13,24843,8972,15268,603
37183019-21,23738,9711,13462,565
37183019-20,20023,9300,10279,444
37129000H06,14332,7253,6417,662
37129000H10,18746,8187,9877,682
37081000H05,8523,1345,7012,166
37081000G02,5474,1495,3852,127
37081000G22,9220,4683,4382,155
37081000G18,6923,3372,3423,128
37167000020,11807,9936,1652,219
3707500TAPO,1970,1656,277,37
3716300CLNE,9004,5579,3291,134
37129000M07,10888,6204,4384,300
37183004-01,11599,3802,7433,364
3715900005A,18463,13474,4454,535
37081000SF2,8701,5653,2845,203
37081000SF4,17962,10361,7167,434
3713900WEST,10005,1891,7950,164
37159000033,8734,7405,1102,227
37159000031,7293,5234,1889,170
37159000018,3399,360,2963,76
37159000028,9500,4138,5046,316
37159000015,15374,11456,3560,358
37159000038,11084,3736,7068,280
37159000029,5737,4376,1242,119
37159000032,7521,5309,2046,166
37129000H03,25335,14042,10591,702
371350000TO,7307,3495,3657,155
37159000034,11027,4556,6155,316
37135000UNC,22509,3522,18253,734
3709700CH-B,12470,8724,3350,396
37159000007,8700,5695,2794,211
37159000027,5955,4353,1469,133
37159000012,8073,4064,3812,197
37159000030,10208,6131,3781,296
3717900029A,22500,11152,10690,658
3717900037A,24904,13824,10334,746
37179000033,11385,7306,3694,385
37179000010,5177,1568,3447,162
3717900017A,14973,9618,4964,391
37179000007,16235,10079,5762,394
370070000WS,1385,793,568,24
3700700LILE,9688,3690,5898,100
37179000001,4084,1252,2707,125
37081000FR2,11926,5563,6021,342
37067000501,9230,775,8323,132
37025001-08,21823,9861,11280,682
37129000W30,20160,8428,11056,676
3716300CLEA,12283,4695,7428,160
37025004-12,19637,8433,10624,580
37025012-05,10262,5864,4109,289
37025012-04,11508,5381,5725,402
37119000221,22651,14128,7942,581
37179000021,11840,9125,2449,266
37179000031,16970,9753,6736,481
37129000M02,31196,16472,13895,829
37129000H04,19549,10021,9018,510
37067000601,8049,1752,6036,261
37067000902,8676,1579,6869,228
37067000801,6608,2411,4027,170
37067000062,9636,5925,3455,256
37159000035,5259,1560,3542,157
37159000017,10421,6722,3399,300
37067000033,11121,4352,6507,262
3703900GCRK,1997,1690,274,33
3703900UNKA,2643,2071,511,61
3700700GULL,4450,1849,2541,60
37169000011,16084,12095,3571,418
37169000010,15957,11985,3572,400
3707900BULL,3739,1926,1759,54
37183019-14,15749,6998,8402,349
37067000083,9967,3386,6368,213
37067000081,15276,5339,9556,381
37067000014,10678,6813,3585,280
37067000067,8639,4594,3778,267
37067000011,22965,12482,9865,618
370890000ED,12643,8623,3744,276
370210038.2,9065,5385,3435,245
37067000502,5751,348,5310,93
37183001-22,19364,979,18063,322
37183006-07,18169,7637,10023,509
37183016-09,20741,7384,12771,586
3719904-RAM,1521,1065,399,57
37183019-11,17158,7808,8776,574
37183016-02,24134,4166,19349,619
37183019-15,15212,7279,7600,333
37183019-05,17531,9943,7096,492
37005000001,5846,4167,1527,152
37183019-07,20928,9869,10446,613
37183013-01,25164,5010,19458,696
370890000LP,9229,4222,4809,198
37041000005,4269,3268,970,31
37041000001,8488,2936,5412,140
37103000P03,2546,2020,484,42
37121000005,3457,2865,529,63
37103000P02,2201,1717,455,29
371070000SH,3306,2607,658,41
37121000001,5995,4564,1330,101
37025005-00,13380,10026,3073,281
37063000003,13000,1141,11646,213
370630053-1,16200,3118,12678,404
37063000052,15042,1343,13442,257
37041000002,14032,7210,6593,229
370910000WN,5324,1459,3814,51
37063000015,6196,437,5628,131
37063000037,29153,9495,19088,570
37063000024,19524,5165,13921,438
371810000NH,14906,5948,8729,229
370150000C2,6223,1829,4350,44
37183001-06,15204,3818,10995,391
371870000SC,5120,3190,1861,69
37177000016,140,97,40,3
37131SEABOA,4042,1292,2706,44
37183004-08,13011,3595,9065,351
37183004-09,13446,5427,7718,301
37071000037,6890,4810,1916,164
37193000127,9693,5467,4008,218
37193000129,9424,6413,2839,172
37193000114,3065,2500,487,78
3719300115A,16982,13522,3085,375
37193000120,8297,6666,1465,166
37183001-10,8411,2688,5580,143
37183006-04,20855,8298,11822,735
37183017-02,7506,3187,4129,190
37183016-03,7781,2704,4819,258
37131CREEKS,2888,1642,1223,23
3717900028A,26075,15216,10307,552
37179000011,13047,11177,1658,212
3717900038B,11680,6832,4482,366
37179000022,12613,9684,2518,411
37179000005,14326,8449,5478,399
37025001-07,13425,8303,4818,304
37025011-02,15549,10352,4737,460
37041000003,7379,6001,1255,123
370150000C1,3850,2172,1628,50
37071000031,15232,11345,3520,367
37189000013,12918,4007,8373,538
37071000009,8034,3730,4087,217
37071000043,19893,13210,6134,549
37071000040,21129,13893,6766,470
37071000015,29882,17156,12011,715
37071000019,19910,13107,6308,495
37071000008,7206,2286,4731,189
37071000011,6807,2688,3922,197
37071000002,9473,3674,5519,280
37071000041,15560,10942,4236,382
37071000046,22590,15721,6249,620
3714100NB01,8355,5170,3006,179
3714100SH12,9632,6783,2608,241
37129000H13,22045,12505,9050,490
3714100MH07,1418,970,418,30
370210004.1,7373,1041,6203,129
370210028.1,11233,1193,9651,389
370890000BC,4360,2604,1639,117
370210014.2,10571,1792,8493,286
370210065.1,14779,5959,8400,420
370210050.1,7029,4293,2587,149
3708500PR16,23423,12620,9987,816
37153000015,889,652,219,18
37143WEST-H,3782,2349,1357,76
370210030.2,13058,6054,6606,398
370210032.1,9884,4859,4740,285
3703100HAIS,4770,3784,927,59
3703100WIHA,8564,6092,2293,179
37143BELVID,3233,2277,910,46
37019000012,14489,9961,4145,383
371350000DA,15362,2045,13074,243
37191000005,16870,11786,4747,337
37035000028,13420,8748,4265,407
37057000010,11381,8264,2805,312
37057000026,5480,3686,1673,121
37055000WAN,4873,3717,1063,93
370210035.1,8434,2782,5417,235
370210061.1,12258,5251,6716,291
370210060.4,7551,3032,4328,191
37099000CFK,2722,1578,1061,83
370870000CE,1912,1514,369,29
37119000217,12930,5554,7021,355
37119000017,8106,813,7020,273
37119000076,14992,6533,8019,440
37119000066,8153,3033,4911,209
37119000142,31541,16369,14326,846
37119000143,28142,14460,12908,774
37035000015,2658,184,2437,37
370830RINGW,4237,543,3663,31
37083000HOL,7602,908,6618,76
37185000008,5408,626,4708,74
371010PR12B,23668,13111,9932,625
3710100PR21,12974,10216,2484,274
3710100PR32,14587,9295,4813,479
37119000112,11451,5783,5343,325
37153000003,3876,2755,1037,84
371350000CB,8093,686,7264,143
37119000084,9430,1632,7529,269
37119000116,7067,1393,5514,160
3710900AS25,11145,7962,2911,272
37119000235,15796,6475,8889,432
3700100008N,13111,8072,4778,261
37161000019,8568,6616,1796,156
3710900DV08,12890,9944,2651,295
3710900LW18,5292,3673,1485,134
3710900LW31,19243,12842,6011,390
37049000023,24322,15148,8608,566
37119000077,10187,1006,8965,216
370210007.1,9081,1183,7701,197
371050000B2,10193,4591,5286,316
37175000TC7,7694,5471,2051,172
37099000CAN,2131,1522,564,45
37147000101,18356,8022,9904,430
3714701511A,17695,9950,7475,270
3714701510B,13041,6198,6562,281
37147000901,3508,2132,1313,63
37119000020,12337,4400,7608,329
37119000200,10913,4924,5679,310
37123000BIS,6377,2987,3244,146
37119000038,9559,2907,6268,384
37017000P75,5101,1526,3522,53
37047000P17,4742,1672,3002,68
37047000P06,3731,2774,912,45
37023000020,4469,2501,1859,109
37093000014,17048,5741,10719,588
3709300006B,16619,7767,8288,564
37093000015,10038,3592,6119,327
371070000K4,11899,5591,6099,209
3714500HLWY,5055,3523,1470,62
3708700BE-7,5548,4031,1375,142
37011000016,6464,4400,1956,108
370870000PC,5203,3835,1241,127
37119000226,18126,7794,9769,563
3719500PRWH,3263,118,3093,52
3719500PRWD,8285,4796,3310,179
3719500PRWR,6317,593,5645,79
3719500PRWP,8166,4700,3315,151
370490000N1,9345,3574,5554,217
37023000064,3561,2579,912,70
37023000048,9497,5606,3676,215
370870000HA,4236,2360,1734,142
370870000ID,4661,2652,1906,103
37171000025,8587,6602,1826,159
37171000026,12957,10277,2446,234
3719500PRWC,6706,624,6017,65
37023000034,8676,3903,4527,246
3701700P502,7576,3111,4339,126
3700100006S,13702,7680,5713,309
37119000150,16611,5017,11116,478
37119000126,14836,2069,12374,393
371510000AN,15302,9333,5498,471
3700300G1G2,7490,5828,1517,145
370970000NH,5868,4848,910,110
37055000HAT,2387,1497,828,62
37119000214,16939,3912,12580,447
370130WASH1,6710,2402,4135,173
37009000016,9504,6605,2668,231
37023000053,9108,6851,2032,225
3710100PR28,17529,10766,6305,458
3716300NGRV,6490,4258,2100,132
371170000W1,12416,5201,7048,167
3719500PRWK,7571,4362,3069,140
37119000021,10772,3349,7102,321
37119000034,12149,3116,8612,421
37113000004,6487,4369,1947,171
37093000001,1546,854,657,35
37119000007,9215,2370,6537,308
37119000111,14861,6615,7897,349
37119000085,12246,4119,7755,372
37019000009,5541,3349,2088,104
37183001-28,21719,3000,18237,482
37183001-30,7206,2833,4204,169
37183001-09,6534,1422,4977,135
37189000015,17191,6759,9828,604
371230000T2,6296,4031,2133,132
370550000MH,2243,1595,588,60
3705500FRCO,3646,2370,1205,71
37183013-10,31494,12812,17973,709
3704700P20A,3274,1203,2008,63
37183001-19,8571,391,8042,138
37057000042,10971,9421,1313,237
37081000CG1,12868,4633,7900,335
3708100FR5B,6086,3249,2663,174
37081000G71,9509,383,8945,181
37051000G7B,5552,3987,1447,118
37051000G7A,5795,4085,1600,110
37125EUR-WP,19428,13522,5416,490
37051000G1B,18333,10591,7320,422
37051000G1A,8879,2782,5897,200
37169000014,10411,8188,1952,271
3708100H20B,5904,2891,2854,159
37081000H18,8256,1696,6401,159
3705100CC03,5194,1659,3331,204
37189000018,8595,5632,2703,260
3700100009N,10595,5795,4550,250
37115GRAPEV,4922,3100,1689,133
37093000005,6596,3306,3092,198
37193000123,3806,3215,525,66
37167000016,5789,3944,1711,134
37167000014,4954,3813,1046,95
37081000G46,10967,437,10320,210
37081000G26,14712,3191,11243,278
37155000036,4089,1908,2136,45
3719700NFAL,5101,4147,821,133
3719700EBND,10328,8043,2054,231
37115HOT-SP,3641,2120,1402,119
3705100CC16,8618,270,8225,123
3705100CC19,3361,318,2970,73
370510G5A-1,10930,2570,8091,269
3710900DN29,15488,11319,3795,374
3706100CHIN,3958,2880,1002,76
3719910-PEN,2555,1785,740,30
37155000004,7677,5266,2278,133
370870000LJ,8932,4227,4463,242
37183001-07,12838,2882,9642,314
37081000G56,7539,1707,5688,144
37081000G69,9017,729,8081,207
3708100STOK,20508,14207,5838,463
3708100JAM3,9636,4864,4527,245
37167000028,6388,3847,2366,175
37081000G10,12144,2146,9749,249
37167000019,7647,6290,1182,175
370130PSJW3,6021,1497,4408,116
3713300HM05,19884,11442,7785,657
371510000SW,12462,10697,1522,243
3708900HV-3,11614,4854,6382,378
37081000G27,14812,6250,8174,388
3714500FLRI,24744,16710,7462,572
37067000053,12603,7727,4558,318
3701300BLCK,4178,2349,1750,79
37045FALSTN,7092,5757,1202,133
3700300000M,7647,5672,1784,191
37009000017,3538,2711,747,80
3702700PR31,6366,4245,1985,136
37067000401,7482,652,6715,115
3714100LT18,20111,14047,5497,567
3700100003S,29533,14385,14501,647
3708100FEN1,17567,4949,12299,319
370810NCGR2,12009,7715,4042,252
370890000CB,5861,3906,1832,123
370890000MG,4927,3115,1660,152
37081000H02,6823,3266,3390,167
37081000H13,8266,4108,3942,216
37081000SF3,14287,7268,6686,333
370810G40A1,8258,3612,4475,171
3717900038A,16776,9322,6952,502
37179000027,8858,6862,1821,175
37179000004,5078,895,4067,116
37129000W24,13267,4642,7986,639
370530000MY,25943,19340,5855,748
37183015-04,12349,6569,5445,335
37183018-08,22009,7983,13398,628
37183001-32,13133,3138,9547,448
37081000H10,9542,1116,8229,197
3708100G41A,6790,2598,4010,182
3708100G41B,9792,4176,5384,232
37183004-03,10687,3265,7106,316
37183008-09,10650,3672,6641,337
37183001-03,10990,4436,6334,220
3707700WILT,27637,17777,9123,737
3718320-06B,19446,8159,10661,626
3714100LC09,7405,4861,2381,163
3719300113A,9641,7175,2294,172
37183004-14,9213,3402,5495,316
37183004-10,15098,5402,9238,458
370530000IR,5669,4217,1336,116
37183007-13,12062,4250,7445,367
3705100CC04,5052,2116,2747,189
37125000TLT,2507,637,1832,38
3712500PHA1,15177,9449,5360,368
370890000AR,6944,3989,2797,158
370890000HC,16099,10040,5654,405
3700700BURN,6067,4444,1522,101
37183009-01,12109,6473,5355,281
37183004-19,9657,3355,5967,335
37071000007,4313,305,3964,44
37081000G60,7716,1751,5733,232
37183001-41,10959,2260,8315,384
37051000G5C,8862,2753,5832,277
37123000ROC,3274,1143,2083,48
370510G5B-2,9927,2012,7697,218
37071000026,12956,7943,4632,381
37051000G2B,18146,6257,11367,522
37051000G2D,18303,7947,9894,462
37063000002,14323,1201,12801,321
37063000020,10161,554,9470,137
37063000012,2961,154,2718,89
37063000007,12307,953,11131,223
37063000018,9241,570,8496,175
370630034-2,25729,2221,23000,508
3705100G10B,12087,5497,6229,361
37067000901,9022,3045,5761,216
37189000016,800,542,235,23
37193000112,9443,7068,2189,186
37189000010,5104,2941,2012,151
3705100CC10,4867,1876,2858,133
3712500PHB2,11321,7612,3513,196
3705100MB62,11250,2174,8751,325
37051CL57-2,13114,2622,10199,293
37183001-37,10148,4113,5734,301
37183013-06,16313,6209,9663,441
37183016-05,13234,5842,7008,384
37067000707,6665,2437,4014,214
37067000808,15236,4652,10133,451
37179000026,8867,6728,1944,195
37067000203,6746,213,6410,123
37025002-01,14251,7979,5850,422
3703900BRAS,4042,2909,1062,71
37155000001,3817,2421,1339,57
3704300HIAW,6491,4664,1701,126
37059000010,12269,8793,3182,294
37011000013,2346,1671,623,52
37155000017,1529,671,825,33
37067000603,9268,1824,7202,242
37119000079,9445,2558,6630,257
37119000002,15578,3865,11241,472
37011000018,1477,1248,203,26
37119000055,6659,279,6241,139
37119000100,14516,6450,7681,385
37067000503,5996,931,4908,157
37067000111,8626,6300,2090,236
3704300SWEE,3226,2363,801,62
3704300HAY1,5388,3918,1360,110
370910000CO,2367,524,1824,19
371810000CC,11823,6346,5318,159
37059000013,16240,10608,5322,310
37063000054,36768,4960,30946,862
37063000036,14077,1608,12186,283
37183001-13,8465,1449,6831,185
37041000004,3961,1983,1919,59
370910000M2,5028,1409,3555,64
370910000A2,8295,3515,4681,99
37131GALATI,2747,1415,1299,33
37011000001,4251,3203,972,76
37121000003,2657,2177,429,51
37063055-11,7344,178,7037,129
37063055-49,8362,150,8045,167
37063000021,9058,925,7972,161
37121000007,952,831,108,13
37011000014,4029,3138,816,75
37067000032,13807,8107,5338,362
37067000303,2852,101,2717,34
37131GASTON,10837,3000,7705,132
37183002-04,13228,7005,5940,283
37183018-03,12859,5037,7540,282
37159000042,5661,260,5269,132
37011000009,1644,1398,208,38
37011000012,1306,1135,150,21
37071000010,11715,5645,5766,304
37183019-17,27464,8343,18349,772
37067000607,11104,3876,6918,310
37183017-10,6301,2053,4081,167
37183001-05,6356,2714,3550,92
37183012-07,15144,8182,6505,457
3707700SALM,8448,4239,4081,128
37183018-04,21862,10387,10950,525
37183017-01,13429,3542,9562,325
370210019.1,7102,2177,4677,248
370210010.1,6634,455,5965,214
371350000OW,12021,1084,10630,307
37153000012,6939,3985,2815,139
37191000014,14756,10132,4360,264
37067000506,7128,2552,4356,220
3715500011A,5725,3551,2084,90
371070000T2,4246,3526,664,56
37067000305,6277,233,5952,92
37067000131,16298,8515,7322,461
370890000NB,17434,11904,5100,430
370210056.2,10516,3942,6280,294
37175000TC1,3981,3286,617,78
37057000078,15175,11873,2928,374
37119000240,30781,16490,13460,831
3705500NGHD,12116,6355,5500,261
370830RR1-2,5186,2822,2252,112
371010PR23B,15727,10190,5131,406
370310OTBEG,8909,6733,1977,199
37035000010,2376,921,1385,70
370830FAUCT,5209,2685,2469,55
37153000014,600,220,367,13
371010PR12A,23876,12917,10343,616
37119000215,17231,8074,8606,551
37119000106,8978,3821,4907,250
37119000052,10903,718,9977,208
37119000018,9099,4633,4303,163
37119000118,14036,5978,7684,374
37119000060,8445,555,7736,154
37119000057,11199,4857,6111,231
37119000044,8472,2094,6105,273
37119000003,8798,844,7741,213
37119000010,13464,4562,8531,371
37119000039,10311,645,9391,275
37047000P03,2229,1656,551,22
371070000K9,9049,2787,6139,123
3712700P12A,4802,1972,2760,70
371070000K5,5958,1325,4527,106
370330PROVI,3775,2374,1346,55
37065000801,6313,3630,2580,103
37023000003,5127,3838,1177,112
37119000037,10887,4401,6126,360
371190238.1,14732,4142,10216,374
370870000WE,7147,3766,3215,166
3705500CHCA,2923,1422,1376,125
370490000N6,20894,11106,9239,549
370210026.1,8765,1877,6607,281
3702700PR35,11548,9456,1792,300
3711700000W,4124,2831,1222,71
370130GILEA,10222,6490,3518,214
37037000021,7984,3993,3774,217
3708700BE-2,5590,3370,2035,185
370870000SA,9768,5792,3765,211
37045KINGST,4122,1441,2612,69
37183001-43,11846,3463,8029,354
3716300HERR,3635,3145,452,38
3712900FP04,25394,14979,9675,740
3712900CF06,13590,7306,5823,461
37129000H01,8184,3979,3856,349
371370001GB,4362,3414,859,89
3713701AL-A,2282,1569,665,48
370530000PP,7763,5155,2401,207
37167000018,5427,3924,1352,151
37081000G07,8655,2069,6379,207
37081000H17,5085,1404,3533,148
37139000NEW,8055,4168,3778,109
37067000304,8655,265,8279,111
37067000903,12997,3902,8805,290
3719700NLIB,16217,11955,3865,397
37167000212,9852,7104,2397,351
37121000008,1395,1175,206,14
37081000H06,13027,4477,8178,372
37081000G05,6404,292,6016,96
3719911-PRI,5659,4083,1448,128
37129000W31,19096,9592,9018,486
3712900FP03,9407,5130,4036,241
37183013-05,11031,2649,8044,338
37183020-01,19174,7179,11342,653
37081000H21,6831,3524,3113,194
3708100CG3A,9151,3701,5254,196
37081000FR3,7731,3502,4066,163
3708100G42A,7676,3309,4198,169
3708100G42B,5023,1946,2997,80
37129000W16,15749,7735,7585,429
37129000W17,11213,5369,5533,311
37159000026,8855,7176,1425,254
37159000003,10978,8957,1693,328
3719700NBCK,6355,5153,1094,108
37179000013,13386,11360,1793,233
37179000030,21145,12710,7930,505
3717900028C,18190,10603,7212,375
37179000019,28811,18276,9790,745
37183001-25,2949,236,2623,90
37159000008,15203,10139,4663,401
37081000G14,6079,1474,4471,134
37067000504,4984,767,4061,156
37129000M04,32491,16258,15285,948
37129000W21,19496,8837,10082,577
37159000001,8381,6898,1271,212
37067000909,6706,2749,3765,192
37067000064,5892,3381,2357,154
37183020-04,19150,6741,11851,558
37041000006,6981,4099,2773,109
370150000IW,1488,160,1310,18
37183017-07,18643,2664,15589,390
370910000ML,2492,1761,701,30
37025012-06,7964,3845,3855,264
37063000040,10087,930,8968,189
37063000004,8269,830,7290,149
37063000001,5965,489,5366,110
37063000047,8714,478,8104,132
37183007-02,8931,3332,5387,212
3704300HAYC,1932,1372,507,53
37067000803,9001,4834,3993,174
37011000006,3237,2622,536,79
370150000SN,3489,645,2805,39
370210069.1,15208,7915,6833,460
370210021.1,12999,3344,9307,348
370210008.2,12017,2681,8991,345
37035000038,14124,8796,4975,353
370210017.1,8188,1394,6619,175
3706100CFRK,3254,2766,437,51
37119000073,8786,3665,4839,282
3712700P18A,12477,3647,8658,172
371350000NC,13265,1304,11792,169
371350000TH,9977,591,9232,154
37119000070,11898,5552,6117,229
370210015.1,11051,1630,9118,303
37119000082,12766,754,11739,273
37185000005,5185,1125,3998,62
37185000004,3641,1332,2253,56
37119000008,11965,5772,5929,264
37119000064,5457,1523,3761,173
3703100MHD3,15666,10674,4633,359
37093000065,3074,132,2913,29
370230047-A,9158,4677,4280,201
37023000038,9474,5611,3589,274
37023000039,7228,3527,3496,205
37023000070,11023,7655,3133,235
37119000075,17332,8417,8497,418
37183001-46,13728,1969,11413,346
37155000025,5686,3298,2272,116
37183001-48,11661,2507,8809,345
371510000TT,18728,15709,2670,349
3705700080A,24865,19741,4583,541
37183007-05,9891,3522,6058,311
37183001-17,5893,2701,3051,141
37169000002,7979,6134,1691,154
37169000003,6310,5190,998,122
371370005AP,10304,6631,3487,186
37081000G55,10896,1570,9123,203
3706100LOCK,1578,1172,364,42
3719905-GRE,2090,1367,694,29
37065001401,4255,3301,905,49
3706100CHAR,5640,2294,3276,70
37081000OR2,13179,8386,4473,320
37081000H16,6064,3029,2887,148
37057000044,18889,13475,5020,394
371170000PP,1397,731,635,31
37081000G43,12354,3040,8960,354
37081000H24,11499,5788,5434,277
37081000G59,6314,1308,4846,160
37155000040,2124,1049,1053,22
37155000038,1572,981,552,39
37167000003,10189,5475,4436,278
37167000007,9826,5837,3685,304
37065001301,5422,3527,1804,91
37081000G70,9274,262,8855,157
37081000G63,8690,2576,5883,231
3716300CLCE,3957,542,3362,53
37183011-02,23958,8265,15147,546
37081000G16,7707,2853,4719,135
37081000CG2,11122,4805,6073,244
37183006-05,17491,9424,7656,411
37081000G24,6637,1842,4619,176
37081000G58,8332,1305,6833,194
37189000012,10642,2751,7391,500
37063000016,11068,1786,9051,231
37071000033,9637,7773,1609,255
3705100CC13,7160,454,6558,148
37065000104,9604,4039,5411,154
37067000074,16217,7667,8140,410
37067000907,9020,3095,5628,297
37067000807,9604,4494,4893,217
37067000804,6438,2893,3368,177
37025002-05,20970,11255,9226,489
37067000207,9896,1665,8009,222
37067000904,10114,2147,7711,256
37067000071,17982,10040,7484,458
37067000302,4130,243,3816,71
3703900BELL,5530,4121,1308,101
37179000035,9675,6285,3151,239
3719700SFAL,7914,6452,1318,144
37025004-09,16318,10027,5908,383
37069000006,7526,3340,4014,172
37059000007,8561,6321,1999,241
37059000008,10004,5325,4362,317
37067000013,18948,10692,7790,466
37147001509,18759,7261,10909,589
37119000102,20402,5582,14205,615
37119000061,10928,2763,7904,261
37067000402,5089,144,4870,75
37183001-42,15080,7345,7402,333
37063000006,9793,663,8970,160
37183005-01,21816,7914,13312,590
37185000013,2682,1127,1516,39
37185000006,5279,1509,3707,63
37185000002,4101,2362,1676,63
37067000065,19039,11447,7120,472
3708300RR-7,5173,1358,3754,61
3708300RR-9,11486,3063,8286,137
37069000007,8232,5802,2246,184
37119000036,12797,5370,7121,306
37069000014,20647,12762,7224,661
37119000091,23624,11405,11653,566
37119000045,8666,2169,6228,269
37119000032,10869,5729,4908,232
37119000130,7786,2221,5306,259
371070000K8,4101,104,3961,36
3714701512B,11425,3783,7328,314
37009000003,2197,1704,439,54
3714500OLHI,7836,5474,2188,174
370870000WC,3031,1356,1562,113
37119000096,10654,4344,6051,259
37055000BUX,5021,3269,1633,119
370210051.2,9559,5251,4030,278
3700100006W,4381,1944,2327,110
37171000024,3224,2555,607,62
370950000LL,2060,1002,1017,41
3708700BE-4,7733,4929,2581,223
37191000017,4421,312,4051,58
3702700PR08,5322,3973,1243,106
37081000G31,7435,2884,4280,271
37081000H25,17102,9176,7545,381
370530000CJ,2952,1961,893,98
37183017-05,20129,5112,14556,461
37183001-47,11931,5363,6268,300
37081000G57,8406,1567,6687,152
37159000039,8132,3879,4026,227
37159000041,11636,4875,6448,313
37159000011,13162,8593,4233,336
37179000041,20923,13194,7318,411
3708100SUM4,9710,7565,1950,195
37067000205,3435,139,3225,71
37025002-06,16051,6864,8678,509
37025012-03,9722,5220,4226,276
3716300KEEN,5562,3879,1590,93
37179000024,11188,8710,2253,225
37179000042,9631,6027,3302,302
37129000H02,20756,12700,7685,371
3703900PCHT,9635,7284,2136,215
37183018-07,18563,9962,8063,538
37183004-02,13389,4567,8408,414
37183013-02,11139,4669,6159,311
37025001-02,13872,8841,4670,361
37063000041,6471,144,6268,59
37063000039,17880,4482,13123,275
37183007-06,19388,8094,10866,428
37011000017,2351,1993,295,63
37071000016,21367,13682,7207,478
37193000108,6690,4330,2177,183
37193000121,8735,6930,1612,193
370210020.1,5247,786,4297,164
370210046.1,7082,3195,3711,176
370210039.3,13045,6402,6298,345
37035000036,11123,6442,4389,292
37153000011,5029,2976,2000,53
37119000086,11182,5957,4990,235
3710900CF19,8349,5895,2230,224
3708300RR-5,4161,2483,1604,74
37119000128,14470,4319,9758,393
37119000028,9659,1411,7942,306
37119000048,10673,5400,5056,217
3703100PKNL,6600,4137,2353,110
37017000P35,2874,1190,1627,57
37093000003,3476,1256,2141,79
371070000FC,18934,12822,5790,322
37119000068,8545,2400,5905,240
3713300SF18,21722,16120,4911,691
37123000WAD,2135,894,1214,27
37183004-12,15179,5644,9113,422
37047000P04,1492,918,548,26
371170000HS,1133,342,775,16
37193000104,7488,5555,1776,157
3712500PHA2,10643,7275,3213,155
37081000H14,7445,4381,2906,158
37081000G17,9125,3539,5343,243
37081000G13,7010,1806,5019,185
3717900029B,8087,4883,2968,236
37129000W18,7196,3477,3437,282
37183004-04,8713,2856,5572,285
37183015-03,25676,15071,9930,675
37183020-09,15074,6087,8583,404
37183012-04,24704,15185,8820,699
37183001-33,9108,2926,6014,168
37183001-36,13967,6221,7432,314
3705100CC26,13872,3165,10323,384
370530000CI,1314,1005,278,31
37129000W08,7391,2527,4611,253
370150000WH,4745,2667,2022,56
37119000035,9168,3620,5341,207
3703900TOPT,1909,1605,285,19
37155000024,4018,2429,1536,53
371870000P3,10543,5374,5006,163
37183004-15,13480,4539,8461,480
3703300LOCU,9062,3928,5016,118
370210029.2,14469,4626,9411,432
3710700000I,7699,5195,2378,126
3707900ARBA,4304,1967,2281,56
37065000401,2783,1052,1680,51
3714701510A,11225,6233,4775,217
3705500DUCK,2874,1465,1374,35
371350000CO,12690,1512,10914,264
371010PR23A,20404,13511,6337,556
37119000071,10082,5152,4698,232
37119000059,6375,2327,3831,217
37155000007,2899,1223,1642,34
37119000072,8055,3468,4372,215
3710900BS26,9688,6480,2980,228
370210062.1,12088,4643,7133,312
370210043.2,7665,3058,4314,293
3719500PRWA,3646,559,3021,66
37171000028,4798,3625,1059,114
3702700PR16,6763,3146,3413,204
370530000GW,1395,1126,231,38
371290000WB,10776,6162,4392,222
3708100G40B,7595,3219,4171,205
3708100NDRI,12931,9078,3583,270
37067000066,11117,7314,3504,299
37179000018,14941,9621,5029,291
3717900037B,7755,5167,2426,162
37025002-07,16558,9221,6981,356
3719907-BRU,1814,1153,626,35
37067000031,9719,5671,3806,242
37183002-03,16367,8716,7227,424
370910000BR,1888,352,1517,19
370150000M1,3332,1688,1611,33
3703100NRIV,3060,1254,1755,51
371350000DM,11736,1630,9821,285
37119000012,10212,1146,8781,285
370210063.1,2778,1505,1184,89
3703100PELE,6090,4559,1381,150
37009000002,5635,4183,1307,145
37119000029,9186,2041,6882,263
37183007-12,14382,4395,9618,369
37055000COL,15869,9039,6447,383
37169000001,3756,2851,817,88
37067000112,14484,9409,4735,340
37081000G54,10865,1090,9568,207
3708100H20A,5926,2546,3198,182
37129000W13,8332,2221,5752,359
37129000W12,8756,3200,5305,251
3705100CC34,9642,5186,4203,253
370530000KI,4577,3643,803,131
37067000704,9069,2521,6253,295
37063000005,21002,2093,18468,441
37183008-06,11543,2688,8441,414
37183004-06,15938,5760,9830,348
37183007-03,8786,3378,5176,232
37139000SAL,5378,3701,1579,98
3714100CF11,14376,9773,4136,467
37191000006,11763,6316,5213,234
37035000039,11696,7780,3653,263
37119000117,9323,2029,6997,297
37173ALARKA,3582,2315,1174,93
3708300CONC,1497,368,1108,21
37119000090,8352,3705,4403,244
37119000113,17718,8673,8648,397
371150SANDY,2328,1364,890,74
37081000G62,6972,2246,4558,168
37183004-17,9914,2992,6587,335
37135000EA1,11683,1748,9682,253
37067000052,6213,3325,2732,156
37177000014,284,248,32,4
37119000123,11467,2012,9139,316
37119000108,9233,1228,7750,255
37047000P05,1828,1444,354,30
371190107.1,16835,2588,13843,404
370030000B2,16198,12168,3562,468
37183002-01,17218,7941,8858,419
37047000P21,5082,3409,1589,84
37183017-06,11373,5220,5929,224
37115REVERE,1264,570,656,38
37081000G45,10129,1201,8603,325
37081000G28,5594,2039,3389,166
37189000009,2716,1563,1089,64
37067000905,11265,2956,8031,278
37011000008,1419,1159,230,30
37063000048,9370,1537,7632,201
37121000002,1427,1266,152,9
37067000054,13140,7375,5489,276
37011000007,1099,991,87,21
37067000706,5869,2108,3560,201
37183008-07,14272,6871,7022,379
3714701507B,6220,2699,3303,218
37119000144,17778,8032,9358,388
37119000101,12309,5735,6210,364
37119000006,9212,1390,7518,304
37131LASKER,1224,896,314,14
370210023.2,2638,718,1867,53
370870000WO,1422,867,522,33
3708100H19B,4491,1849,2526,116
37081000G25,8952,3145,5567,240
37183001-51,5988,2354,3474,160
37081000G49,4829,823,3866,140
370810G40A2,5706,1956,3604,146
37183001-39,13677,3881,9316,480
37183001-04,6669,2481,4024,164
370630034-1,15409,1786,13284,339
3704300BRAS,3803,2670,1049,84
37119000067,7943,3551,4203,189
3707900SUGG,4522,2496,1977,49
37159000045,5872,3021,2691,160
3717900028B,19706,11229,8034,443
3705100CC32,5152,969,4023,160
37119000120,9320,1494,7509,317
3705100CC08,6474,3821,2498,155
37067000051,14134,7961,5769,404
37009000008,864,543,301,20
37183002-05,5767,2746,2882,139
371350000CH,6625,659,5860,106
37047000P12,1029,822,198,9
37067000101,10097,4384,5433,280
37119000110,7366,3304,3889,173
37119000115,7541,2001,5313,227
37155000033,2101,1138,919,44
37183007-11,6501,2594,3743,164
37185000011,1520,487,1011,22
3714701505A,11071,2201,8644,226
371350000EH,10762,1334,9243,185
37183004-16,11353,3565,7405,383
37011000019,1305,1172,116,17
370230047-B,5861,3590,2134,137
37119000125,6042,1408,4461,173
37119000005,6458,1058,5172,228
37081000G68,5497,105,5284,108
37119000095,8249,1587,6428,234
37009000010,1048,763,251,34
37119000119,8045,3360,4442,243
37119000131,9479,4681,4540,258
37135000WDS,2655,142,2503,10
